,Unnamed: 0,img_path,tagName,originalImage,left,top,width,height,Rleft,Rtop,Rwidth,Rheight
0,0,None,mammo,https://irisprodseatraining.blob.core.windows.net:443/i-0d45dea24cd048b2b3eca5b1e84e19a2/i-5a46ebf910c347a894ef3ee7403ad65b?sv=2019-12-12&se=2021-05-01T07%3A22%3A26Z&sr=b&sp=r&sig=w8lZ5NBnzFjT90xWJFAEoOLs0EjREfAgNsyHRkB%2BlhM%3D,144,346,31,26,0.20365168,0.4869865,0.04494382,0.037921347
1,1,None,mammo,https://irisprodseatraining.blob.core.windows.net:443/i-0d45dea24cd048b2b3eca5b1e84e19a2/i-26a538b7c1c14a1d959b186ca1ff0709?sv=2019-12-12&se=2021-05-01T07%3A22%3A26Z&sr=b&sp=r&sig=ORmEutveEnni95xVLObxe4y3N9HLLFuJCtCg0fo7G58%3D,150,279,25,25,0.21207865,0.39288536,0.03511236,0.036516852999999995
2,2,None,mammo,https://irisprodseatraining.blob.core.windows.net:443/i-0d45dea24cd048b2b3eca5b1e84e19a2/i-744877a3653a4b86bc56df239e8d79a2?sv=2019-12-12&se=2021-05-01T07%3A22%3A26Z&sr=b&sp=r&sig=P%2FUX2D9GBHMcvvVEtUsGPBxlkKnyvjdthec2zsg0Uas%3D,100,444,34,31,0.14185393,0.62462693,0.049157303,0.043539327
3,3,None,mammo,https://irisprodseatraining.blob.core.windows.net:443/i-0d45dea24cd048b2b3eca5b1e84e19a2/i-5e3cca1d976644e895a6dfb05a85e24b?sv=2019-12-12&se=2021-05-01T07%3A22%3A26Z&sr=b&sp=r&sig=moN969%2BErESKCY8suF%2BbFxJSsrJckGlV2Mfrfp5o4x0%3D,75,297,25,28,0.106591865,0.41757977,0.036465637,0.04067321
4,4,None,mammo,https://irisprodseatraining.blob.core.windows.net:443/i-0d45dea24cd048b2b3eca5b1e84e19a2/i-9f89257857ea4e399c989336367a110f?sv=2019-12-12&se=2021-05-01T07%3A22%3A26Z&sr=b&sp=r&sig=JS7bc6d6ySfKbwYVWyEbjjKn3JLv2oZ5Bawxog%2FXQ9g%3D,226,295,31,34,0.31741574,0.41535726,0.043539327,0.049157303
5,5,None,mammo,https://irisprodseatraining.blob.core.windows.net:443/i-0d45dea24cd048b2b3eca5b1e84e19a2/i-7de0845385c84f97b9af71bb9da2acaa?sv=2019-12-12&se=2021-05-01T07%3A22%3A26Z&sr=b&sp=r&sig=bNNxhSwd01D0nbCQnzQgx7hMF4LYcNLMUj%2FJOiJ3Kz4%3D,40,369,34,25,0.056179777,0.51928985,0.04775281,0.03511236
6,6,None,mammo,https://irisprodseatraining.blob.core.windows.net:443/i-0d45dea24cd048b2b3eca5b1e84e19a2/i-e9451d9207d04bdb9e1abd1f876fb913?sv=2019-12-12&se=2021-05-01T07%3A22%3A26Z&sr=b&sp=r&sig=wHHGJdjKKdWUMeVKEr8KKAViNwo4F9QxDNFyrYgB%2BxY%3D,45,395,34,33,0.06320225,0.5550271999999999,0.04775281,0.04628331
7,7,None,mammo,https://irisprodseatraining.blob.core.windows.net:443/i-0d45dea24cd048b2b3eca5b1e84e19a2/i-e9451d9207d04bdb9e1abd1f876fb913?sv=2019-12-12&se=2021-05-01T07%3A22%3A26Z&sr=b&sp=r&sig=wHHGJdjKKdWUMeVKEr8KKAViNwo4F9QxDNFyrYgB%2BxY%3D,0,394,33,35,0.0,0.55362463,0.046348315,0.04908836
8,8,None,mammo,https://irisprodseatraining.blob.core.windows.net:443/i-0d45dea24cd048b2b3eca5b1e84e19a2/i-e9451d9207d04bdb9e1abd1f876fb913?sv=2019-12-12&se=2021-05-01T07%3A22%3A26Z&sr=b&sp=r&sig=wHHGJdjKKdWUMeVKEr8KKAViNwo4F9QxDNFyrYgB%2BxY%3D,21,355,42,40,0.030898876000000002,0.4989262,0.058988765,0.056100983
9,9,None,mammo,https://irisprodseatraining.blob.core.windows.net:443/i-0d45dea24cd048b2b3eca5b1e84e19a2/i-800794ccc1d94ece8d1a63ad1543157c?sv=2019-12-12&se=2021-05-01T07%3A22%3A26Z&sr=b&sp=r&sig=%2FVYXIS7grFXALe7sCacQP2jW2A6ewipXk0H5T2Q9Lb0%3D,73,380,45,43,0.10252809,0.5347393,0.06460674,0.06039326
10,10,None,mammo,https://irisprodseatraining.blob.core.windows.net:443/i-0d45dea24cd048b2b3eca5b1e84e19a2/i-800794ccc1d94ece8d1a63ad1543157c?sv=2019-12-12&se=2021-05-01T07%3A22%3A26Z&sr=b&sp=r&sig=%2FVYXIS7grFXALe7sCacQP2jW2A6ewipXk0H5T2Q9Lb0%3D,103,336,35,28,0.14606741,0.47294155,0.050561797,0.039325844
11,11,None,mammo,https://irisprodseatraining.blob.core.windows.net:443/i-0d45dea24cd048b2b3eca5b1e84e19a2/i-800794ccc1d94ece8d1a63ad1543157c?sv=2019-12-12&se=2021-05-01T07%3A22%3A26Z&sr=b&sp=r&sig=%2FVYXIS7grFXALe7sCacQP2jW2A6ewipXk0H5T2Q9Lb0%3D,37,335,52,43,0.053370785,0.47153705,0.0744382,0.06039326
12,12,None,mammo,https://irisprodseatraining.blob.core.windows.net:443/i-0d45dea24cd048b2b3eca5b1e84e19a2/i-dd80176e57fd4dcc9cac165ff4be2cff?sv=2019-12-12&se=2021-05-01T07%3A22%3A26Z&sr=b&sp=r&sig=5sn8JVG4Rn348mEqFZHe49Z1ga2nVfs1bYpXQA5p%2FCc%3D,194,334,30,29,0.2738764,0.47013256,0.042134833,0.04073034
13,13,None,mammo,https://irisprodseatraining.blob.core.windows.net:443/i-0d45dea24cd048b2b3eca5b1e84e19a2/i-d0072ff645464f2095d1c11c0f097c72?sv=2019-12-12&se=2021-05-01T07%3A22%3A26Z&sr=b&sp=r&sig=1%2FXFLWqLG32rHHPHrf0i%2BuLcCgFlIv7piDHr%2BrLbzLg%3D,581,328,22,31,0.8174157,0.46170559999999994,0.03230337,0.04494382
14,14,None,mammo,https://irisprodseatraining.blob.core.windows.net:443/i-0d45dea24cd048b2b3eca5b1e84e19a2/i-d0072ff645464f2095d1c11c0f097c72?sv=2019-12-12&se=2021-05-01T07%3A22%3A26Z&sr=b&sp=r&sig=1%2FXFLWqLG32rHHPHrf0i%2BuLcCgFlIv7piDHr%2BrLbzLg%3D,567,291,25,39,0.79634833,0.40973930000000003,0.036516852999999995,0.054775283
15,15,None,mammo,https://irisprodseatraining.blob.core.windows.net:443/i-0d45dea24cd048b2b3eca5b1e84e19a2/i-be98a27a50a6433b959fd329a4309284?sv=2019-12-12&se=2021-05-01T07%3A22%3A26Z&sr=b&sp=r&sig=1oJ%2FNbHq4ix6U9uRvm8ypmbiMk2r9F3vBmJfFaXqomA%3D,502,292,26,30,0.7050562,0.41114378,0.037921347,0.042134833
16,16,None,mammo,https://irisprodseatraining.blob.core.windows.net:443/i-0d45dea24cd048b2b3eca5b1e84e19a2/i-be98a27a50a6433b959fd329a4309284?sv=2019-12-12&se=2021-05-01T07%3A22%3A26Z&sr=b&sp=r&sig=1oJ%2FNbHq4ix6U9uRvm8ypmbiMk2r9F3vBmJfFaXqomA%3D,545,349,28,26,0.7668539000000001,0.49119997,0.039325844,0.037921347
17,17,None,mammo,https://irisprodseatraining.blob.core.windows.net:443/i-0d45dea24cd048b2b3eca5b1e84e19a2/i-1833e930a77c4372ad24e4e3a86aac9b?sv=2019-12-12&se=2021-05-01T07%3A22%3A26Z&sr=b&sp=r&sig=hqQrX54f4R9IGZTYmW7nXhOVgowLC3G59gfF%2BT5ATt4%3D,437,563,66,44,0.61376405,0.79176176,0.09410112,0.061797753
18,18,None,mammo,https://irisprodseatraining.blob.core.windows.net:443/i-0d45dea24cd048b2b3eca5b1e84e19a2/i-1833e930a77c4372ad24e4e3a86aac9b?sv=2019-12-12&se=2021-05-01T07%3A22%3A26Z&sr=b&sp=r&sig=hqQrX54f4R9IGZTYmW7nXhOVgowLC3G59gfF%2BT5ATt4%3D,367,251,58,43,0.51544946,0.35355952,0.08146068,0.06039326
19,19,None,mammo,https://irisprodseatraining.blob.core.windows.net:443/i-0d45dea24cd048b2b3eca5b1e84e19a2/i-0ef1554a9b2f49f5b98df2a5339bc986?sv=2019-12-12&se=2021-05-01T07%3A22%3A26Z&sr=b&sp=r&sig=Fb2yatjQhGDBtiYXQSUxPi8Q6lT14qMvvfKa4fNeGqo%3D,615,416,29,26,0.86376405,0.5853010999999999,0.04073034,0.037921347
20,20,None,mammo,https://irisprodseatraining.blob.core.windows.net:443/i-0d45dea24cd048b2b3eca5b1e84e19a2/i-25a2812f1f404ce39e7f6a00a42caedd?sv=2019-12-12&se=2021-05-01T07%3A22%3A26Z&sr=b&sp=r&sig=NbGAkWsiH%2BPP1pLvHHHGPVcT2Tog7DGcD%2B957W8mOb4%3D,588,409,22,25,0.82468444,0.5754696,0.03085554,0.036516852999999995
21,21,None,mammo,https://irisprodseatraining.blob.core.windows.net:443/i-0d45dea24cd048b2b3eca5b1e84e19a2/i-cec3d0239d65413fa9f4d43ef0f1110c?sv=2019-12-12&se=2021-05-01T07%3A22%3A26Z&sr=b&sp=r&sig=vXYP597FpLw8fr4QNS6SPdK0VJuBNVWqHuVLlWpzp54%3D,31,174,34,31,0.043539327,0.24541345,0.04775281,0.04494382
22,22,None,mammo,https://irisprodseatraining.blob.core.windows.net:443/i-0d45dea24cd048b2b3eca5b1e84e19a2/i-26d08c11c53b40da9a04cbb301561554?sv=2019-12-12&se=2021-05-01T07%3A22%3A26Z&sr=b&sp=r&sig=49N7N5cXOUcg1sDRkpItwrLK0O4S%2BzaO1MvTLqN7YwI%3D,52,369,59,46,0.0744382,0.51928985,0.08286517,0.066011235
23,23,None,mammo,https://irisprodseatraining.blob.core.windows.net:443/i-0d45dea24cd048b2b3eca5b1e84e19a2/i-69d47433840b43569888eeeb56544235?sv=2019-12-12&se=2021-05-01T07%3A22%3A26Z&sr=b&sp=r&sig=5Fs8mxLv1KOw9ClRulVcOlU9l5b1CgCBJY1zzYgPQu4%3D,192,377,29,25,0.27106740000000007,0.5305258,0.04073034,0.03511236
24,24,None,mammo,https://irisprodseatraining.blob.core.windows.net:443/i-0d45dea24cd048b2b3eca5b1e84e19a2/i-69d47433840b43569888eeeb56544235?sv=2019-12-12&se=2021-05-01T07%3A22%3A26Z&sr=b&sp=r&sig=5Fs8mxLv1KOw9ClRulVcOlU9l5b1CgCBJY1zzYgPQu4%3D,180,397,28,25,0.252809,0.5586156999999999,0.039325844,0.036516852999999995
25,25,None,mammo,https://irisprodseatraining.blob.core.windows.net:443/i-0d45dea24cd048b2b3eca5b1e84e19a2/i-19164da76e8947adb57e411ee8fc09f7?sv=2019-12-12&se=2021-05-01T07%3A22%3A26Z&sr=b&sp=r&sig=a0fiL34RYCymCCMk7Y9KcVrCAdJGc%2BH%2B2e1eJrxcs4s%3D,139,356,20,20,0.19662921,0.5010314,0.029494382000000003,0.029494382000000003
26,26,None,mammo,https://irisprodseatraining.blob.core.windows.net:443/i-0d45dea24cd048b2b3eca5b1e84e19a2/i-19164da76e8947adb57e411ee8fc09f7?sv=2019-12-12&se=2021-05-01T07%3A22%3A26Z&sr=b&sp=r&sig=a0fiL34RYCymCCMk7Y9KcVrCAdJGc%2BH%2B2e1eJrxcs4s%3D,148,334,20,26,0.20926966,0.47013256,0.028089887999999997,0.037921347
27,27,None,mammo,https://irisprodseatraining.blob.core.windows.net:443/i-0d45dea24cd048b2b3eca5b1e84e19a2/i-48aa3d0975414787ba7400ac512391c7?sv=2019-12-12&se=2021-05-01T07%3A22%3A26Z&sr=b&sp=r&sig=GXFrsSWHSXRJOM4Uqx7hdCeoSby0cA6XIcNBn1aq%2BBM%3D,56,302,42,36,0.07865169,0.42518872,0.058988765,0.05196629
28,28,None,mammo,https://irisprodseatraining.blob.core.windows.net:443/i-0d45dea24cd048b2b3eca5b1e84e19a2/i-a65aa5bc09af45b0bf9bcb804bbee479?sv=2019-12-12&se=2021-05-01T07%3A22%3A26Z&sr=b&sp=r&sig=LgUsorVvwkx7nabpB0k9zwKSw15wDjGLxjiF%2F0UJiHU%3D,85,372,29,26,0.119382024,0.52350336,0.04073034,0.037921347
29,29,None,mammo,https://irisprodseatraining.blob.core.windows.net:443/i-0d45dea24cd048b2b3eca5b1e84e19a2/i-a65aa5bc09af45b0bf9bcb804bbee479?sv=2019-12-12&se=2021-05-01T07%3A22%3A26Z&sr=b&sp=r&sig=LgUsorVvwkx7nabpB0k9zwKSw15wDjGLxjiF%2F0UJiHU%3D,25,431,25,25,0.03511236,0.6063685000000001,0.036516852999999995,0.036516852999999995
30,30,None,mammo,https://irisprodseatraining.blob.core.windows.net:443/i-0d45dea24cd048b2b3eca5b1e84e19a2/i-a65aa5bc09af45b0bf9bcb804bbee479?sv=2019-12-12&se=2021-05-01T07%3A22%3A26Z&sr=b&sp=r&sig=LgUsorVvwkx7nabpB0k9zwKSw15wDjGLxjiF%2F0UJiHU%3D,53,406,29,56,0.07584269,0.57125616,0.04073034,0.07865169
31,31,None,mammo,https://irisprodseatraining.blob.core.windows.net:443/i-0d45dea24cd048b2b3eca5b1e84e19a2/i-d2b7b0f579d84e7bbce33d9ec952225f?sv=2019-12-12&se=2021-05-01T07%3A22%3A26Z&sr=b&sp=r&sig=nhtXiyOTz%2B8NS8ltPwcpapNIEloNiKkmE3JuUeE%2FIpQ%3D,156,341,25,27,0.21910113,0.47929084,0.036516852999999995,0.037868163999999996
32,32,None,mammo,https://irisprodseatraining.blob.core.windows.net:443/i-0d45dea24cd048b2b3eca5b1e84e19a2/i-d2b7b0f579d84e7bbce33d9ec952225f?sv=2019-12-12&se=2021-05-01T07%3A22%3A26Z&sr=b&sp=r&sig=nhtXiyOTz%2B8NS8ltPwcpapNIEloNiKkmE3JuUeE%2FIpQ%3D,98,385,22,20,0.13904494,0.5410019,0.03230337,0.028050492000000003
33,33,None,mammo,https://irisprodseatraining.blob.core.windows.net:443/i-0d45dea24cd048b2b3eca5b1e84e19a2/i-d2b7b0f579d84e7bbce33d9ec952225f?sv=2019-12-12&se=2021-05-01T07%3A22%3A26Z&sr=b&sp=r&sig=nhtXiyOTz%2B8NS8ltPwcpapNIEloNiKkmE3JuUeE%2FIpQ%3D,54,358,36,29,0.07724719,0.5031338,0.05196629,0.042075735
34,34,None,mammo,https://irisprodseatraining.blob.core.windows.net:443/i-0d45dea24cd048b2b3eca5b1e84e19a2/i-d2b7b0f579d84e7bbce33d9ec952225f?sv=2019-12-12&se=2021-05-01T07%3A22%3A26Z&sr=b&sp=r&sig=nhtXiyOTz%2B8NS8ltPwcpapNIEloNiKkmE3JuUeE%2FIpQ%3D,95,360,25,25,0.13483146,0.5059388,0.03511236,0.035063114
35,35,None,mammo,https://irisprodseatraining.blob.core.windows.net:443/i-0d45dea24cd048b2b3eca5b1e84e19a2/i-d2b7b0f579d84e7bbce33d9ec952225f?sv=2019-12-12&se=2021-05-01T07%3A22%3A26Z&sr=b&sp=r&sig=nhtXiyOTz%2B8NS8ltPwcpapNIEloNiKkmE3JuUeE%2FIpQ%3D,82,312,42,40,0.11516854,0.43861765,0.058988765,0.056100983
36,36,None,mammo,https://irisprodseatraining.blob.core.windows.net:443/i-0d45dea24cd048b2b3eca5b1e84e19a2/i-654ac51795d04432ac302ed45ed360be?sv=2019-12-12&se=2021-05-01T07%3A22%3A26Z&sr=b&sp=r&sig=DPMiXUo24GkqHkk1dzo7GnIh9pGkSKlARvsZMl2pg1w%3D,196,424,31,34,0.2752809,0.5948661,0.04494382,0.04761905
37,37,None,mammo,https://irisprodseatraining.blob.core.windows.net:443/i-0d45dea24cd048b2b3eca5b1e84e19a2/i-76bf6311a70940ff89b8a2d4fe3d6d13?sv=2019-12-12&se=2021-05-01T07%3A22%3A26Z&sr=b&sp=r&sig=EiWmAQZzfk7TmR%2FwJ5FfjZuuK%2Bc7yj0NZFFOv50CXow%3D,98,427,30,26,0.13764045,0.6007505,0.042134833,0.037921347
38,38,None,mammo,https://irisprodseatraining.blob.core.windows.net:443/i-0d45dea24cd048b2b3eca5b1e84e19a2/i-e18d0742a5da464f959aa321a2a7089e?sv=2019-12-12&se=2021-05-01T07%3A22%3A26Z&sr=b&sp=r&sig=DhTVuPOAQ4q2mqRZtooGZs9OmHKZ%2FMXBJcCpBPlezv0%3D,481,441,35,35,0.6760168000000001,0.6195433000000001,0.050490882,0.050490882
39,39,None,mammo,https://irisprodseatraining.blob.core.windows.net:443/i-0d45dea24cd048b2b3eca5b1e84e19a2/i-e18d0742a5da464f959aa321a2a7089e?sv=2019-12-12&se=2021-05-01T07%3A22%3A26Z&sr=b&sp=r&sig=DhTVuPOAQ4q2mqRZtooGZs9OmHKZ%2FMXBJcCpBPlezv0%3D,487,501,28,28,0.6830295,0.70369476,0.039270688,0.039270688
40,40,None,mammo,https://irisprodseatraining.blob.core.windows.net:443/i-0d45dea24cd048b2b3eca5b1e84e19a2/i-e18d0742a5da464f959aa321a2a7089e?sv=2019-12-12&se=2021-05-01T07%3A22%3A26Z&sr=b&sp=r&sig=DhTVuPOAQ4q2mqRZtooGZs9OmHKZ%2FMXBJcCpBPlezv0%3D,540,481,41,35,0.75876576,0.6756443,0.057503507,0.050490882
41,41,None,mammo,https://irisprodseatraining.blob.core.windows.net:443/i-0d45dea24cd048b2b3eca5b1e84e19a2/i-7fb4a0419bbf45ad900128857efda376?sv=2019-12-12&se=2021-05-01T07%3A22%3A26Z&sr=b&sp=r&sig=w6zdzoD9H%2BxjAqsOx3e2Bm4%2B%2F%2FdA5ppyD0MaFuLtluI%3D,516,470,35,31,0.72370267,0.6611438000000001,0.04908836,0.04494382
42,42,None,mammo,https://irisprodseatraining.blob.core.windows.net:443/i-0d45dea24cd048b2b3eca5b1e84e19a2/i-7fb4a0419bbf45ad900128857efda376?sv=2019-12-12&se=2021-05-01T07%3A22%3A26Z&sr=b&sp=r&sig=w6zdzoD9H%2BxjAqsOx3e2Bm4%2B%2F%2FdA5ppyD0MaFuLtluI%3D,553,471,56,40,0.7755960999999999,0.6625483,0.078541376,0.056179777
43,43,None,mammo,https://irisprodseatraining.blob.core.windows.net:443/i-0d45dea24cd048b2b3eca5b1e84e19a2/i-d73957bf7b924cedb6af4ab8364a2d41?sv=2019-12-12&se=2021-05-01T07%3A22%3A26Z&sr=b&sp=r&sig=yiFy3HcjDSSG3sg5l9IRB2uZ15Sh5sZV5dik%2B5tGid8%3D,61,433,25,23,0.08695652,0.6091774999999999,0.036465637,0.033707865
44,44,None,mammo,https://irisprodseatraining.blob.core.windows.net:443/i-0d45dea24cd048b2b3eca5b1e84e19a2/i-90ef70a69ccb4e5b8eb684a05ee4776d?sv=2019-12-12&se=2021-05-01T07%3A22%3A26Z&sr=b&sp=r&sig=GqtnB1aUPpigH6rR216Mi7thhUGjPbO7PZ%2BoeGJ3QIY%3D,150,336,34,34,0.21207865,0.47294155,0.04775281,0.04775281
45,45,None,mammo,https://irisprodseatraining.blob.core.windows.net:443/i-0d45dea24cd048b2b3eca5b1e84e19a2/i-4d0bc24a4eaa40d4b0b1a62b63fbdb9b?sv=2019-12-12&se=2021-05-01T07%3A22%3A26Z&sr=b&sp=r&sig=Vodbtlhn%2FYvQ9rEPwOiB5Hbf4Vl1gqGeNerHS0Hw9IQ%3D,559,280,44,42,0.7851123999999999,0.39428985,0.061797753,0.058988765
46,46,None,mammo,https://irisprodseatraining.blob.core.windows.net:443/i-0d45dea24cd048b2b3eca5b1e84e19a2/i-4355f2fc47b84fc2aaee72c8b6289f34?sv=2019-12-12&se=2021-05-01T07%3A22%3A26Z&sr=b&sp=r&sig=pn0ZG8Nwf5uuHoOj29WSJpiq8u9Akvn9TjlAB%2Bgt7D0%3D,638,252,40,33,0.89606744,0.35496402,0.056179777,0.046348315
47,47,None,mammo,https://irisprodseatraining.blob.core.windows.net:443/i-0d45dea24cd048b2b3eca5b1e84e19a2/i-39713062fc944f06834749c712f3af36?sv=2019-12-12&se=2021-05-01T07%3A22%3A26Z&sr=b&sp=r&sig=iPXgrGVTFP27ZuZAEcjI5P9Hm87g7tZzIFEwPPh1zMU%3D,94,212,68,35,0.13183731,0.29878423,0.09677419,0.050561797
48,48,None,mammo,https://irisprodseatraining.blob.core.windows.net:443/i-0d45dea24cd048b2b3eca5b1e84e19a2/i-012de2128b214d3c8f4f091c7db34dea?sv=2019-12-12&se=2021-05-01T07%3A22%3A26Z&sr=b&sp=r&sig=7a3aioNTipQlxoKb27bQUForq7g7%2FlnO8pnDvf6Tvlo%3D,147,392,46,35,0.20786516,0.55159324,0.066011235,0.050561797
49,49,None,mammo,https://irisprodseatraining.blob.core.windows.net:443/i-0d45dea24cd048b2b3eca5b1e84e19a2/i-673e57677f25463c88b4fdd753a8be1d?sv=2019-12-12&se=2021-05-01T07%3A22%3A26Z&sr=b&sp=r&sig=FA58R1tr8b332OOSkFSfCzXntwJ4inOBAdUCH6vDDts%3D,495,461,41,37,0.6966292,0.64850336,0.05758427,0.053370785
50,50,None,mammo,https://irisprodseatraining.blob.core.windows.net:443/i-0d45dea24cd048b2b3eca5b1e84e19a2/i-1cc860eff11b4fb9936f06ad7f887ee1?sv=2019-12-12&se=2021-05-01T07%3A22%3A26Z&sr=b&sp=r&sig=3ohuAar6RoS3AdxE2mZ4EaO24aSmxEI3yDNEDhwZ1Qw%3D,458,372,40,43,0.6446629,0.52350336,0.056179777,0.06039326
51,51,None,mammo,https://irisprodseatraining.blob.core.windows.net:443/i-0d45dea24cd048b2b3eca5b1e84e19a2/i-6c08d1c9cdde4277964a9123ee30dae4?sv=2019-12-12&se=2021-05-01T07%3A22%3A26Z&sr=b&sp=r&sig=rfyuk6v5NmCaSTpJ3l6WQFbG%2FlQnk833Si%2B5Dksg5HY%3D,146,428,34,30,0.20646067,0.602155,0.04775281,0.042134833
52,52,None,mammo,https://irisprodseatraining.blob.core.windows.net:443/i-0d45dea24cd048b2b3eca5b1e84e19a2/i-6c08d1c9cdde4277964a9123ee30dae4?sv=2019-12-12&se=2021-05-01T07%3A22%3A26Z&sr=b&sp=r&sig=rfyuk6v5NmCaSTpJ3l6WQFbG%2FlQnk833Si%2B5Dksg5HY%3D,16,525,41,33,0.023876404,0.738391,0.05758427,0.046348315
53,53,None,mammo,https://irisprodseatraining.blob.core.windows.net:443/i-0d45dea24cd048b2b3eca5b1e84e19a2/i-6c08d1c9cdde4277964a9123ee30dae4?sv=2019-12-12&se=2021-05-01T07%3A22%3A26Z&sr=b&sp=r&sig=rfyuk6v5NmCaSTpJ3l6WQFbG%2FlQnk833Si%2B5Dksg5HY%3D,73,409,37,34,0.10393258,0.5754696,0.053370785,0.049157303
54,54,None,mammo,https://irisprodseatraining.blob.core.windows.net:443/i-0d45dea24cd048b2b3eca5b1e84e19a2/i-6c08d1c9cdde4277964a9123ee30dae4?sv=2019-12-12&se=2021-05-01T07%3A22%3A26Z&sr=b&sp=r&sig=rfyuk6v5NmCaSTpJ3l6WQFbG%2FlQnk833Si%2B5Dksg5HY%3D,114,431,31,31,0.16011237,0.6063685000000001,0.043539327,0.043539327
55,55,None,mammo,https://irisprodseatraining.blob.core.windows.net:443/i-0d45dea24cd048b2b3eca5b1e84e19a2/i-0bf75ecfdd284dd5afc6d4c0d1eb3e22?sv=2019-12-12&se=2021-05-01T07%3A22%3A26Z&sr=b&sp=r&sig=6xbSqojHhM0U187FP4jwjIOykgMwIQ6WQ3Z5OLqxjcg%3D,143,363,28,25,0.2008427,0.5108629,0.039325844,0.03511236
56,56,None,mammo,https://irisprodseatraining.blob.core.windows.net:443/i-0d45dea24cd048b2b3eca5b1e84e19a2/i-0bf75ecfdd284dd5afc6d4c0d1eb3e22?sv=2019-12-12&se=2021-05-01T07%3A22%3A26Z&sr=b&sp=r&sig=6xbSqojHhM0U187FP4jwjIOykgMwIQ6WQ3Z5OLqxjcg%3D,168,394,31,29,0.23735955,0.55440223,0.04494382,0.04073034
57,57,None,mammo,https://irisprodseatraining.blob.core.windows.net:443/i-0d45dea24cd048b2b3eca5b1e84e19a2/i-0bf75ecfdd284dd5afc6d4c0d1eb3e22?sv=2019-12-12&se=2021-05-01T07%3A22%3A26Z&sr=b&sp=r&sig=6xbSqojHhM0U187FP4jwjIOykgMwIQ6WQ3Z5OLqxjcg%3D,110,310,48,50,0.15589887,0.43642467,0.06882022,0.07162921
58,58,None,mammo,https://irisprodseatraining.blob.core.windows.net:443/i-0d45dea24cd048b2b3eca5b1e84e19a2/i-0bf75ecfdd284dd5afc6d4c0d1eb3e22?sv=2019-12-12&se=2021-05-01T07%3A22%3A26Z&sr=b&sp=r&sig=6xbSqojHhM0U187FP4jwjIOykgMwIQ6WQ3Z5OLqxjcg%3D,98,365,30,29,0.13904494,0.5136719,0.042134833,0.04073034
59,59,None,mammo,https://irisprodseatraining.blob.core.windows.net:443/i-0d45dea24cd048b2b3eca5b1e84e19a2/i-0bf75ecfdd284dd5afc6d4c0d1eb3e22?sv=2019-12-12&se=2021-05-01T07%3A22%3A26Z&sr=b&sp=r&sig=6xbSqojHhM0U187FP4jwjIOykgMwIQ6WQ3Z5OLqxjcg%3D,132,390,25,22,0.18679775,0.54878426,0.036516852999999995,0.03230337
60,60,None,mammo,https://irisprodseatraining.blob.core.windows.net:443/i-0d45dea24cd048b2b3eca5b1e84e19a2/i-f53ee8920bb64f718224390ef8442afc?sv=2019-12-12&se=2021-05-01T07%3A22%3A26Z&sr=b&sp=r&sig=pUp%2BOH6F45%2Be9c%2B9TxEpkPl3cpssA0m1NwKrU8ZD1Xc%3D,652,474,37,33,0.91573036,0.6658265999999999,0.053370785,0.04628331
61,61,None,mammo,https://irisprodseatraining.blob.core.windows.net:443/i-0d45dea24cd048b2b3eca5b1e84e19a2/i-e5ce06d7d87b48fba5422ce49a390d7f?sv=2019-12-12&se=2021-05-01T07%3A22%3A26Z&sr=b&sp=r&sig=3gNlZ5H2hgt6UsPk%2F%2Bbpg5r%2FgiCyuCUtStSso5UCt6o%3D,524,405,34,28,0.7349229,0.56985164,0.047685835999999995,0.039325844
62,62,None,mammo,https://irisprodseatraining.blob.core.windows.net:443/i-0d45dea24cd048b2b3eca5b1e84e19a2/i-2492e639df14480aa7ca2bc481037461?sv=2019-12-12&se=2021-05-01T07%3A22%3A26Z&sr=b&sp=r&sig=S1Y6Wjg3SbApMq3AYL8FLE7TYKEBn4rNDUaiSG0Olm8%3D,581,491,41,33,0.81601125,0.6906382,0.05758427,0.046348315
63,63,None,mammo,https://irisprodseatraining.blob.core.windows.net:443/i-0d45dea24cd048b2b3eca5b1e84e19a2/i-a2478f6386934d0480128593b12f291f?sv=2019-12-12&se=2021-05-01T07%3A22%3A26Z&sr=b&sp=r&sig=e8qmAsPLrNFZ5gtIYF%2B3PRpi8FyI5ybBJ0ZM%2F6wc1nE%3D,173,271,35,40,0.24438202,0.3816494,0.050561797,0.056179777
64,64,None,mammo,https://irisprodseatraining.blob.core.windows.net:443/i-0d45dea24cd048b2b3eca5b1e84e19a2/i-50a32141ac0540fba9eee75b56afdba7?sv=2019-12-12&se=2021-05-01T07%3A22%3A26Z&sr=b&sp=r&sig=PKscnXIcu%2BVjO5wG3P7dLSzF8R8sUBTHe70mZht3yII%3D,314,222,54,44,0.44101125,0.31282917,0.07724719,0.061797753
65,65,None,mammo,https://irisprodseatraining.blob.core.windows.net:443/i-0d45dea24cd048b2b3eca5b1e84e19a2/i-47c0b8857968444a9c8735748e29ba4d?sv=2019-12-12&se=2021-05-01T07%3A22%3A26Z&sr=b&sp=r&sig=jXQCzkaLKHyT1fcPmfVerkTYaoFdCfR3FnjVP3ojWdI%3D,152,322,61,35,0.21488763,0.45327863,0.08567416,0.050561797
66,66,None,mammo,https://irisprodseatraining.blob.core.windows.net:443/i-0d45dea24cd048b2b3eca5b1e84e19a2/i-fe646b9a2e2948ad960df03b52411210?sv=2019-12-12&se=2021-05-01T07%3A22%3A26Z&sr=b&sp=r&sig=6BO2QaryjeLxYmLeM77SNl9N4SHnkIwx%2FdAxVqSgIxE%3D,108,329,34,37,0.15308988,0.46311009999999997,0.049157303,0.053370785
67,67,None,mammo,https://irisprodseatraining.blob.core.windows.net:443/i-0d45dea24cd048b2b3eca5b1e84e19a2/i-de40b0e0261e45b78f885cd6f3ab136f?sv=2019-12-12&se=2021-05-01T07%3A22%3A26Z&sr=b&sp=r&sig=qajzJ76XtmIb36j3%2Fo1KbM%2Fa%2Bml8h0zsQGiwnzCdDNM%3D,71,392,46,30,0.101123594,0.55159324,0.066011235,0.042134833
68,68,None,mammo,https://irisprodseatraining.blob.core.windows.net:443/i-0d45dea24cd048b2b3eca5b1e84e19a2/i-c18a32a666a44765b37806fe5c6b5bbc?sv=2019-12-12&se=2021-05-01T07%3A22%3A26Z&sr=b&sp=r&sig=FE%2BJI0JyLRAdrIpYNA7OvVhT2S9lJpW2lAAB53L4hDY%3D,123,313,32,42,0.17325526,0.44029608,0.045387994,0.060029282999999996
69,69,None,mammo,https://irisprodseatraining.blob.core.windows.net:443/i-0d45dea24cd048b2b3eca5b1e84e19a2/i-cb6806831aca48b6b9968d29be4285cd?sv=2019-12-12&se=2021-05-01T07%3A22%3A26Z&sr=b&sp=r&sig=csmFuP%2BiEDKSRytm02HPsjdRsXVsrhylfbRkagWRGFo%3D,156,316,39,31,0.22010739,0.44436312,0.055636898,0.043923866
70,70,None,mammo,https://irisprodseatraining.blob.core.windows.net:443/i-0d45dea24cd048b2b3eca5b1e84e19a2/i-93082aa09eed4641904eabfa11d4b155?sv=2019-12-12&se=2021-05-01T07%3A22%3A26Z&sr=b&sp=r&sig=%2BxnJKFAA%2B%2Fv80InL81YbQ6qJuT%2B%2FFlgtDnYvC7%2B557Q%3D,132,277,69,57,0.18643242,0.39019033,0.09809663,0.08052709
71,71,None,mammo,https://irisprodseatraining.blob.core.windows.net:443/i-0d45dea24cd048b2b3eca5b1e84e19a2/i-738155e3d24347188f59b0f62c676e5e?sv=2019-12-12&se=2021-05-01T07%3A22%3A26Z&sr=b&sp=r&sig=XZEXrvJbvYqA6E%2FL9b141s6IxZGJ0pqU4sverg6%2FsV8%3D,158,295,87,64,0.22303565,0.41508052,0.12298682,0.09077599
72,72,None,mammo,https://irisprodseatraining.blob.core.windows.net:443/i-0d45dea24cd048b2b3eca5b1e84e19a2/i-9e574ca3505c491587cda3cd3e51e03e?sv=2019-12-12&se=2021-05-01T07%3A22%3A26Z&sr=b&sp=r&sig=2wgpUUJD%2B2kyIJi9OY9DsmGqMpgCwJpLvI9LEl9pGhA%3D,147,343,26,20,0.20693022,0.48194242,0.03660322,0.029282577
73,73,None,mammo,https://irisprodseatraining.blob.core.windows.net:443/i-0d45dea24cd048b2b3eca5b1e84e19a2/i-c8fbbe4ce65f44f5949a0cb1818c99db?sv=2019-12-12&se=2021-05-01T07%3A22%3A26Z&sr=b&sp=r&sig=ac5d1LCOza9QXUuW5Hhnwk4Kta2or%2BqHWVnQYvrIj6o%3D,26,374,22,22,0.037091278,0.52586627,0.032210834,0.032210834
74,74,None,mammo,https://irisprodseatraining.blob.core.windows.net:443/i-0d45dea24cd048b2b3eca5b1e84e19a2/i-c8fbbe4ce65f44f5949a0cb1818c99db?sv=2019-12-12&se=2021-05-01T07%3A22%3A26Z&sr=b&sp=r&sig=ac5d1LCOza9QXUuW5Hhnwk4Kta2or%2BqHWVnQYvrIj6o%3D,4,379,22,22,0.006344573,0.5331869,0.032210834,0.032210834
75,75,None,mammo,https://irisprodseatraining.blob.core.windows.net:443/i-0d45dea24cd048b2b3eca5b1e84e19a2/i-bfc4dc023fdb4df1ab23ab7230ba07ad?sv=2019-12-12&se=2021-05-01T07%3A22%3A26Z&sr=b&sp=r&sig=%2FsiYBNXpVoOjYL8KflGF9VVDL3oGkkjRnFVq6RRWfCc%3D,174,270,23,23,0.24499758,0.37994143,0.033674962999999995,0.033674962999999995
76,76,None,mammo,https://irisprodseatraining.blob.core.windows.net:443/i-0d45dea24cd048b2b3eca5b1e84e19a2/i-8df50a4e0deb432183770bafedb796f4?sv=2019-12-12&se=2021-05-01T07%3A27%3A34Z&sr=b&sp=r&sig=b1E4aZV8%2FjgLO%2B5nKcCGe9cb%2Bypsf1%2BrFPY2mLvyAfM%3D,292,298,22,28,0.41044414,0.41947290000000004,0.032210834,0.03953148
77,77,None,mammo,https://irisprodseatraining.blob.core.windows.net:443/i-0d45dea24cd048b2b3eca5b1e84e19a2/i-14a897ca9f474e4b91db5aa92fd9602a?sv=2019-12-12&se=2021-05-01T07%3A27%3A34Z&sr=b&sp=r&sig=ZO4ODzKVVGrvZ7bAs3162wO0GQO2kvz6iGgKG%2Ffje8A%3D,468,391,42,31,0.6578819,0.54978037,0.060029282999999996,0.043923866
78,78,None,mammo,https://irisprodseatraining.blob.core.windows.net:443/i-0d45dea24cd048b2b3eca5b1e84e19a2/i-f623851b0b0945ebb29e77afcb5fbd67?sv=2019-12-12&se=2021-05-01T07%3A27%3A34Z&sr=b&sp=r&sig=RzspreVBzqGg1H9VQr5VYDRdAN9HhscZIVzrBjbFg%2Bk%3D,453,386,39,34,0.6373840999999999,0.5424597,0.055636898,0.04831625
79,79,None,mammo,https://irisprodseatraining.blob.core.windows.net:443/i-0d45dea24cd048b2b3eca5b1e84e19a2/i-992559672787457683366b4a67356d23?sv=2019-12-12&se=2021-05-01T07%3A27%3A34Z&sr=b&sp=r&sig=RhZna6WT%2Fh3ggEQG0%2BmbWpAfBXkrSnmNkTI1MYxSvnY%3D,62,391,52,26,0.08846531,0.5492923000000001,0.07331378,0.03660322
80,80,None,mammo,https://irisprodseatraining.blob.core.windows.net:443/i-0d45dea24cd048b2b3eca5b1e84e19a2/i-992559672787457683366b4a67356d23?sv=2019-12-12&se=2021-05-01T07%3A27%3A34Z&sr=b&sp=r&sig=RhZna6WT%2Fh3ggEQG0%2BmbWpAfBXkrSnmNkTI1MYxSvnY%3D,48,428,58,32,0.067937456,0.6005368000000001,0.08211144,0.045387994
81,81,None,mammo,https://irisprodseatraining.blob.core.windows.net:443/i-0d45dea24cd048b2b3eca5b1e84e19a2/i-eda7683afb2846acb015e9408c89d75b?sv=2019-12-12&se=2021-05-01T07%3A27%3A34Z&sr=b&sp=r&sig=T6mqyqVmdzFmoPxrs%2BalrjIvoSDuA0WbgN7xjeOZl7Y%3D,51,290,41,41,0.07223037,0.40775988,0.058565155,0.058565155
82,82,None,mammo,https://irisprodseatraining.blob.core.windows.net:443/i-0d45dea24cd048b2b3eca5b1e84e19a2/i-376e74fce666437ea919e0f7d90b7ebb?sv=2019-12-12&se=2021-05-01T07%3A27%3A34Z&sr=b&sp=r&sig=4Q%2BoiBjom7WPfWM50OCjPn%2BqGD6RLlygIVJ6DUAmO8g%3D,14,260,38,32,0.020985862,0.36530015,0.054172765,0.045387994
83,83,None,mammo,https://irisprodseatraining.blob.core.windows.net:443/i-0d45dea24cd048b2b3eca5b1e84e19a2/i-1f29166ea01f4d64844b903f9b15864f?sv=2019-12-12&se=2021-05-01T07%3A27%3A34Z&sr=b&sp=r&sig=dFS0XROJcMX%2Ft2ImtM6ytSvLZbCWQuUUeSbJ165Gn08%3D,547,409,53,39,0.7691557,0.57467055,0.07467057,0.055636898
84,84,None,mammo,https://irisprodseatraining.blob.core.windows.net:443/i-0d45dea24cd048b2b3eca5b1e84e19a2/i-1e3710c44e8749bfa2f67959be5c23fc?sv=2019-12-12&se=2021-05-01T07%3A27%3A34Z&sr=b&sp=r&sig=TdG%2B46l5e5zaB4ua8xX4VgmBgLun35df4awYkeCwnEo%3D,450,362,69,48,0.63299173,0.5087848,0.09809663,0.068814054
85,85,None,mammo,https://irisprodseatraining.blob.core.windows.net:443/i-0d45dea24cd048b2b3eca5b1e84e19a2/i-1e3710c44e8749bfa2f67959be5c23fc?sv=2019-12-12&se=2021-05-01T07%3A27%3A34Z&sr=b&sp=r&sig=TdG%2B46l5e5zaB4ua8xX4VgmBgLun35df4awYkeCwnEo%3D,386,346,61,43,0.5422157,0.48682284,0.0863836,0.06149341
86,86,None,mammo,https://irisprodseatraining.blob.core.windows.net:443/i-0d45dea24cd048b2b3eca5b1e84e19a2/i-1e3710c44e8749bfa2f67959be5c23fc?sv=2019-12-12&se=2021-05-01T07%3A27%3A34Z&sr=b&sp=r&sig=TdG%2B46l5e5zaB4ua8xX4VgmBgLun35df4awYkeCwnEo%3D,450,319,48,39,0.63299173,0.44875550000000003,0.068814054,0.055636898
87,87,None,mammo,https://irisprodseatraining.blob.core.windows.net:443/i-0d45dea24cd048b2b3eca5b1e84e19a2/i-34dc9602157e42a1a54506ac397e87b3?sv=2019-12-12&se=2021-05-01T07%3A27%3A34Z&sr=b&sp=r&sig=ogS%2FZ4iuqy3O2zjVfkCnIjHtonHtPFkUhRZFOj3jJjY%3D,526,414,36,33,0.7398731,0.58150315,0.05124451,0.046852122999999996
88,88,None,mammo,https://irisprodseatraining.blob.core.windows.net:443/i-0d45dea24cd048b2b3eca5b1e84e19a2/i-42453503c2484581b0dfadafdcd5c0d7?sv=2019-12-12&se=2021-05-01T07%3A27%3A34Z&sr=b&sp=r&sig=yRcTvCg4TTi60DZgqjZ7QpnCR0AigY%2BxBL4hq9Z1ZSQ%3D,476,361,47,34,0.66959494,0.50732064,0.06734992599999999,0.04831625
89,89,None,mammo,https://irisprodseatraining.blob.core.windows.net:443/i-0d45dea24cd048b2b3eca5b1e84e19a2/i-6c98d467c5e949f4b2dbbbc8f8733485?sv=2019-12-12&se=2021-05-01T07%3A27%3A34Z&sr=b&sp=r&sig=RPwEyflQO0dFyrf8pugHXGp1Cy3HVGqHGmqSpvkTneY%3D,494,442,29,30,0.6944851,0.62152267,0.04099561,0.042459738
90,90,None,mammo,https://irisprodseatraining.blob.core.windows.net:443/i-0d45dea24cd048b2b3eca5b1e84e19a2/i-370b867ff1c64bed8e54779bba5a9575?sv=2019-12-12&se=2021-05-01T07%3A27%3A34Z&sr=b&sp=r&sig=pc4F3ys3H3C5LpeZNy2WRvfgVOTid6nyAQuu2vYvcMY%3D,558,366,28,28,0.78379697,0.5146413,0.03953148,0.03953148
91,91,None,mammo,https://irisprodseatraining.blob.core.windows.net:443/i-0d45dea24cd048b2b3eca5b1e84e19a2/i-aca6d1efbf3241c39ad794f0e2a756c7?sv=2019-12-12&se=2021-05-01T07%3A27%3A34Z&sr=b&sp=r&sig=AjX3j6R5mWknTgOn39b%2B%2FlkSKbql9yCP2X3E3uiDrZE%3D,627,467,36,24,0.8817204,0.6551977,0.051319647999999995,0.033674962999999995
92,92,None,mammo,https://irisprodseatraining.blob.core.windows.net:443/i-0d45dea24cd048b2b3eca5b1e84e19a2/i-126bb0311bbf419586e0d0f580bd8e09?sv=2019-12-12&se=2021-05-01T07%3A27%3A34Z&sr=b&sp=r&sig=KsSjeaVXZfynZtqNdHKzyJQkEr3pQ6uOnKkKheX%2B9TE%3D,648,437,39,29,0.9111761999999999,0.614202,0.055636898,0.04099561
93,93,None,mammo,https://irisprodseatraining.blob.core.windows.net:443/i-0d45dea24cd048b2b3eca5b1e84e19a2/i-126bb0311bbf419586e0d0f580bd8e09?sv=2019-12-12&se=2021-05-01T07%3A27%3A34Z&sr=b&sp=r&sig=KsSjeaVXZfynZtqNdHKzyJQkEr3pQ6uOnKkKheX%2B9TE%3D,664,224,39,38,0.93313813,0.31551978,0.055636898,0.054172765
94,94,None,mammo,https://irisprodseatraining.blob.core.windows.net:443/i-0d45dea24cd048b2b3eca5b1e84e19a2/i-6017fac1432d4049bd7e90a44315ad63?sv=2019-12-12&se=2021-05-01T07%3A27%3A34Z&sr=b&sp=r&sig=bhcRyPwoKQ2wAu6C7qnBlaTRh%2FjuK06wmyBKsmqW8x4%3D,591,481,18,22,0.83064914,0.67585814,0.026354317999999998,0.032210834
95,95,None,mammo,https://irisprodseatraining.blob.core.windows.net:443/i-0d45dea24cd048b2b3eca5b1e84e19a2/i-6017fac1432d4049bd7e90a44315ad63?sv=2019-12-12&se=2021-05-01T07%3A27%3A34Z&sr=b&sp=r&sig=bhcRyPwoKQ2wAu6C7qnBlaTRh%2FjuK06wmyBKsmqW8x4%3D,570,472,19,22,0.8013665,0.6641451,0.027818449,0.032210834
96,96,None,mammo,https://irisprodseatraining.blob.core.windows.net:443/i-0d45dea24cd048b2b3eca5b1e84e19a2/i-0fab5788e5ab47d2a57bcd87aa1f14ea?sv=2019-12-12&se=2021-05-01T07%3A27%3A34Z&sr=b&sp=r&sig=OolZ394CToPx7%2FzKHuyU8pa2xNC%2BVqiVER9tjf3Njbk%3D,598,515,39,30,0.84089804,0.7240116999999999,0.055636898,0.042459738
97,97,None,mammo,https://irisprodseatraining.blob.core.windows.net:443/i-0d45dea24cd048b2b3eca5b1e84e19a2/i-0fab5788e5ab47d2a57bcd87aa1f14ea?sv=2019-12-12&se=2021-05-01T07%3A27%3A34Z&sr=b&sp=r&sig=OolZ394CToPx7%2FzKHuyU8pa2xNC%2BVqiVER9tjf3Njbk%3D,592,283,57,52,0.83211327,0.39751098,0.08052709,0.07320644
98,98,None,mammo,https://irisprodseatraining.blob.core.windows.net:443/i-0d45dea24cd048b2b3eca5b1e84e19a2/i-a5e6ecd4849f46c39822c30be5ea2179?sv=2019-12-12&se=2021-05-01T07%3A27%3A34Z&sr=b&sp=r&sig=Fe1YJ48DWYVpGmh6ExQkQbkIAK90X7qbpRfb%2F3VNpZY%3D,129,439,27,22,0.18204004,0.6171303000000001,0.03806735,0.032210834
99,99,None,mammo,https://irisprodseatraining.blob.core.windows.net:443/i-0d45dea24cd048b2b3eca5b1e84e19a2/i-8ce8f3733f274245a0456a9811ac46b9?sv=2019-12-12&se=2021-05-01T07%3A27%3A34Z&sr=b&sp=r&sig=SV2WI8sBAPFUJb5ccUvWtolkc%2FrGFmYeIuqwVsQjEF8%3D,67,317,31,30,0.095168374,0.44582725,0.043923866,0.042459738
100,100,None,mammo,https://irisprodseatraining.blob.core.windows.net:443/i-0d45dea24cd048b2b3eca5b1e84e19a2/i-8ce8f3733f274245a0456a9811ac46b9?sv=2019-12-12&se=2021-05-01T07%3A27%3A34Z&sr=b&sp=r&sig=SV2WI8sBAPFUJb5ccUvWtolkc%2FrGFmYeIuqwVsQjEF8%3D,113,328,29,31,0.16007811,0.46193266,0.04099561,0.043923866
101,101,None,mammo,https://irisprodseatraining.blob.core.windows.net:443/i-0d45dea24cd048b2b3eca5b1e84e19a2/i-7d0e0a550e1541589273374e803e4305?sv=2019-12-12&se=2021-05-01T07%3A27%3A34Z&sr=b&sp=r&sig=LUnw7bXNuKYynoobXfcS5SaXNfBkwU9zSZV7N%2FB7RZw%3D,348,451,41,37,0.48950708,0.6346999,0.058565155,0.052708637
102,102,None,mammo,https://irisprodseatraining.blob.core.windows.net:443/i-0d45dea24cd048b2b3eca5b1e84e19a2/i-64bbc66b65ca44ccb1ef4060314775d3?sv=2019-12-12&se=2021-05-01T07%3A27%3A34Z&sr=b&sp=r&sig=QQwWiFZXLp9eexVw5X%2F7nETtoXOg7xaBJ3QNJFoC5uU%3D,316,268,51,33,0.4441191,0.37701318,0.07174231,0.046852122999999996
103,103,None,mammo,https://irisprodseatraining.blob.core.windows.net:443/i-0d45dea24cd048b2b3eca5b1e84e19a2/i-faa9cba6ed2f4037b79fdd0353415fc8?sv=2019-12-12&se=2021-05-01T07%3A27%3A34Z&sr=b&sp=r&sig=pK7Ce0GXtW5If2yAmyyOQ0grzAnxkITuXPNTR1lQggU%3D,74,269,30,32,0.1044412,0.37847729999999996,0.042459738,0.045387994
104,104,None,mammo,https://irisprodseatraining.blob.core.windows.net:443/i-0d45dea24cd048b2b3eca5b1e84e19a2/i-e59a779e244c47b29332f5b80c55fd96?sv=2019-12-12&se=2021-05-01T07%3A27%3A34Z&sr=b&sp=r&sig=NUbBAbWN9OIah%2FulNznO1v532wMs94PbjwzHeC%2B%2BQAU%3D,55,327,41,34,0.07808688,0.46046853,0.058565155,0.04831625
105,105,None,mammo,https://irisprodseatraining.blob.core.windows.net:443/i-0d45dea24cd048b2b3eca5b1e84e19a2/i-2e39406e670f48968b8c141124e443f6?sv=2019-12-12&se=2021-05-01T07%3A27%3A34Z&sr=b&sp=r&sig=5ugwNHB1RSA2KoldmMsbG%2FkGuE0prP7DOvtIubcg2v4%3D,9,347,35,43,0.013665217,0.48779893,0.04978038,0.06149341
106,106,None,mammo,https://irisprodseatraining.blob.core.windows.net:443/i-0d45dea24cd048b2b3eca5b1e84e19a2/i-c0227b9e561f4a6da1afec1c37a061c4?sv=2019-12-12&se=2021-05-01T07%3A27%3A34Z&sr=b&sp=r&sig=llpQupoP24Qp5R9f%2BXB4MDwroASfQW1RvH%2B20J8h4UY%3D,59,341,33,28,0.083943404,0.4795022,0.046852122999999996,0.03953148
107,107,None,mammo,https://irisprodseatraining.blob.core.windows.net:443/i-0d45dea24cd048b2b3eca5b1e84e19a2/i-210b1e1a4be74e8e800fcf6aa55c1deb?sv=2019-12-12&se=2021-05-01T07%3A27%3A34Z&sr=b&sp=r&sig=1nbC1pJG0S4bqpeK1gaJbbVpXXJTyFGblDSZBYGZsUg%3D,191,425,26,27,0.26881722,0.5966325,0.03665689,0.03806735
108,108,None,mammo,https://irisprodseatraining.blob.core.windows.net:443/i-0d45dea24cd048b2b3eca5b1e84e19a2/i-c8db3fd20e3441edba8a8b88ba4ba1ca?sv=2019-12-12&se=2021-05-01T07%3A27%3A34Z&sr=b&sp=r&sig=ytbvmVnVlaYTS6oXpZuF5Rsr3SBm0MVY1eJ1DMy%2BpZk%3D,599,370,20,23,0.84236217,0.5204978,0.029282577,0.033674962999999995
109,109,None,mammo,https://irisprodseatraining.blob.core.windows.net:443/i-0d45dea24cd048b2b3eca5b1e84e19a2/i-1fd9fae02ad04dc197c4edbd4b2d0c97?sv=2019-12-12&se=2021-05-01T07%3A27%3A34Z&sr=b&sp=r&sig=JDY5yE4cn3VHo3Oi5kOuSIYz4159Id0oe4s8YkpEdPw%3D,642,308,29,21,0.90239143,0.43265006,0.04099561,0.030746706000000002
110,110,None,mammo,https://irisprodseatraining.blob.core.windows.net:443/i-0d45dea24cd048b2b3eca5b1e84e19a2/i-8cbebef6ccd04207906d9755505fcec7?sv=2019-12-12&se=2021-05-01T07%3A27%3A34Z&sr=b&sp=r&sig=2BJJIfNi4Tn8bRGyr%2Fj%2BT2J%2FnHIVUyCYmKJkSGO4UDs%3D,89,338,32,26,0.12640314,0.47510982,0.045387994,0.03660322
111,111,None,mammo,https://irisprodseatraining.blob.core.windows.net:443/i-0d45dea24cd048b2b3eca5b1e84e19a2/i-92d5fb125c6942f79e3d3758a9402af5?sv=2019-12-12&se=2021-05-01T07%3A27%3A34Z&sr=b&sp=r&sig=WC17nrwF3I2nkAfYvZcWvlYANXtlt2I%2FhAOtaz5YQns%3D,58,374,27,25,0.08247927599999999,0.5263543,0.03806735,0.03513909
112,112,None,mammo,https://irisprodseatraining.blob.core.windows.net:443/i-0d45dea24cd048b2b3eca5b1e84e19a2/i-c7e875aabe7548f4bbcd104f8cedb9d9?sv=2019-12-12&se=2021-05-01T07%3A27%3A34Z&sr=b&sp=r&sig=rsNBHglOMOe%2BsqQkjU9GfEFpQ0TYVxRyKrgz97dbCsc%3D,545,319,26,25,0.7662274,0.44875550000000003,0.03660322,0.03513909
113,113,None,mammo,https://irisprodseatraining.blob.core.windows.net:443/i-0d45dea24cd048b2b3eca5b1e84e19a2/i-7efd45814361449383671ef98a75188a?sv=2019-12-12&se=2021-05-01T07%3A27%3A34Z&sr=b&sp=r&sig=wS8kRYjbm5bNyiEcNv%2F0a56jL9CC1Zw6mSoOy2u6qQU%3D,563,349,31,29,0.7911176,0.49121523,0.043923866,0.04099561
114,114,None,mammo,https://irisprodseatraining.blob.core.windows.net:443/i-0d45dea24cd048b2b3eca5b1e84e19a2/i-d2b3e6f9eac64c68be3399d4c34b9c70?sv=2019-12-12&se=2021-05-01T07%3A27%3A34Z&sr=b&sp=r&sig=1nTEGTdQurERgLcWog6tgtIYwrq930yoCfzQFLPhXq8%3D,501,271,38,38,0.704734,0.38140556,0.054172765,0.054172765
115,115,None,mammo,https://irisprodseatraining.blob.core.windows.net:443/i-0d45dea24cd048b2b3eca5b1e84e19a2/i-118431d9c45f4a6299e9c02f8e15566f?sv=2019-12-12&se=2021-05-01T07%3A27%3A34Z&sr=b&sp=r&sig=%2Ffvvp%2FFSOBZdfZBLIvFG%2F6Rwe%2FR8R1xMPN25CXCz2Fw%3D,113,437,26,25,0.16007811,0.614202,0.03660322,0.03513909
116,116,None,mammo,https://irisprodseatraining.blob.core.windows.net:443/i-0d45dea24cd048b2b3eca5b1e84e19a2/i-118431d9c45f4a6299e9c02f8e15566f?sv=2019-12-12&se=2021-05-01T07%3A27%3A34Z&sr=b&sp=r&sig=%2Ffvvp%2FFSOBZdfZBLIvFG%2F6Rwe%2FR8R1xMPN25CXCz2Fw%3D,151,439,27,27,0.21278673,0.6171303000000001,0.03806735,0.03806735
117,117,None,mammo,https://irisprodseatraining.blob.core.windows.net:443/i-0d45dea24cd048b2b3eca5b1e84e19a2/i-5bb515f40eb64e519fe8c5baec46d0db?sv=2019-12-12&se=2021-05-01T07%3A27%3A34Z&sr=b&sp=r&sig=G3y2vw%2Ffe4cBU0ur0%2BQZ8%2BMWEjiwqc88tgLdUSvhz%2FM%3D,102,318,54,34,0.14397268,0.44729137,0.0761347,0.04831625
118,118,None,mammo,https://irisprodseatraining.blob.core.windows.net:443/i-0d45dea24cd048b2b3eca5b1e84e19a2/i-52491c458d604e87bc1219946f6e1382?sv=2019-12-12&se=2021-05-01T07%3A27%3A34Z&sr=b&sp=r&sig=QLAwgeJgC8ZcH6L0Nx%2Bk70wKgvTADw%2BXtX%2F7lC0nTtU%3D,98,332,55,34,0.13811617,0.46632504,0.077598825,0.04831625
119,119,None,mammo,https://irisprodseatraining.blob.core.windows.net:443/i-0d45dea24cd048b2b3eca5b1e84e19a2/i-2d157335dd7c46e78a0c1263a10f40eb?sv=2019-12-12&se=2021-05-01T07%3A27%3A34Z&sr=b&sp=r&sig=lVJfH8oY%2Fej3AToh9X9iqtZxIeHFPYCz2YoCBNPeOdU%3D,113,403,64,44,0.16007811,0.5673499,0.09077599,0.06295754
120,120,None,mammo,https://irisprodseatraining.blob.core.windows.net:443/i-0d45dea24cd048b2b3eca5b1e84e19a2/i-90557261f4fd428f9db34b96413b4e82?sv=2019-12-12&se=2021-05-01T07%3A27%3A34Z&sr=b&sp=r&sig=4TJGaRN6jymORh%2F4gTyoaUTDpThdTvCKkUO%2F%2By5d3CI%3D,146,344,32,23,0.20546609,0.4838946,0.045387994,0.033674962999999995
121,121,None,mammo,https://irisprodseatraining.blob.core.windows.net:443/i-0d45dea24cd048b2b3eca5b1e84e19a2/i-90557261f4fd428f9db34b96413b4e82?sv=2019-12-12&se=2021-05-01T07%3A27%3A34Z&sr=b&sp=r&sig=4TJGaRN6jymORh%2F4gTyoaUTDpThdTvCKkUO%2F%2By5d3CI%3D,121,318,43,28,0.17032701,0.44729137,0.06149341,0.03953148
122,122,None,mammo,https://irisprodseatraining.blob.core.windows.net:443/i-0d45dea24cd048b2b3eca5b1e84e19a2/i-90557261f4fd428f9db34b96413b4e82?sv=2019-12-12&se=2021-05-01T07%3A27%3A34Z&sr=b&sp=r&sig=4TJGaRN6jymORh%2F4gTyoaUTDpThdTvCKkUO%2F%2By5d3CI%3D,177,338,34,36,0.24938996,0.47510982,0.04831625,0.05124451
123,123,None,mammo,https://irisprodseatraining.blob.core.windows.net:443/i-0d45dea24cd048b2b3eca5b1e84e19a2/i-90557261f4fd428f9db34b96413b4e82?sv=2019-12-12&se=2021-05-01T07%3A27%3A34Z&sr=b&sp=r&sig=4TJGaRN6jymORh%2F4gTyoaUTDpThdTvCKkUO%2F%2By5d3CI%3D,166,302,42,34,0.23328455,0.42484137,0.060029282999999996,0.04831625
0,0,None,mammo,https://irisprodseatraining.blob.core.windows.net:443/i-8c74b0cb460b431d9701a0f47b8cf612/i-3d172f166ca14e438f475223ff7aaf30?sv=2019-12-12&se=2021-05-01T07%3A36%3A52Z&sr=b&sp=r&sig=5sUclo1Hkmo5RWvCLOQxPvMWhe0m%2B%2F7%2FCffZ2408ink%3D,189,287,37,40,0.37549406,0.5675234,0.07312253,0.078895465
1,1,None,mammo,https://irisprodseatraining.blob.core.windows.net:443/i-8c74b0cb460b431d9701a0f47b8cf612/i-c1559604d73c46f9894914b8579fe820?sv=2019-12-12&se=2021-05-01T07%3A36%3A52Z&sr=b&sp=r&sig=XuilU6q8qKFqTfOFalUOv4J2vEJdtzzOz9ID1R5RFfA%3D,214,365,31,34,0.30196628,0.5136719,0.043539327,0.049157303
2,2,None,mammo,https://irisprodseatraining.blob.core.windows.net:443/i-8c74b0cb460b431d9701a0f47b8cf612/i-c99ea511d41f42f3a0ea5fe995ccb552?sv=2019-12-12&se=2021-05-01T07%3A36%3A52Z&sr=b&sp=r&sig=nLgtxDoa6%2BKcKypP0S2sqYc5mSjvdLA%2BpkISjh3hrmc%3D,358,323,26,25,0.5028090000000001,0.45468313,0.037921347,0.036516852999999995
3,3,None,mammo,https://irisprodseatraining.blob.core.windows.net:443/i-8c74b0cb460b431d9701a0f47b8cf612/i-c99ea511d41f42f3a0ea5fe995ccb552?sv=2019-12-12&se=2021-05-01T07%3A36%3A52Z&sr=b&sp=r&sig=nLgtxDoa6%2BKcKypP0S2sqYc5mSjvdLA%2BpkISjh3hrmc%3D,331,403,31,22,0.46488765,0.56704265,0.04494382,0.03230337
4,4,None,mammo,https://irisprodseatraining.blob.core.windows.net:443/i-8c74b0cb460b431d9701a0f47b8cf612/i-c99ea511d41f42f3a0ea5fe995ccb552?sv=2019-12-12&se=2021-05-01T07%3A36%3A52Z&sr=b&sp=r&sig=nLgtxDoa6%2BKcKypP0S2sqYc5mSjvdLA%2BpkISjh3hrmc%3D,406,339,25,22,0.5716292,0.47715503,0.036516852999999995,0.03230337
5,5,None,mammo,https://irisprodseatraining.blob.core.windows.net:443/i-8c74b0cb460b431d9701a0f47b8cf612/i-92d1688d7dae4c25aa566f44e9164bdc?sv=2019-12-12&se=2021-05-01T07%3A36%3A52Z&sr=b&sp=r&sig=P3dowO6Fmy4Ohm2Zf%2FJzZusFHo6M47SPCMjxjZdqAmI%3D,401,417,37,34,0.56320226,0.58670557,0.053370785,0.049157303
6,6,None,mammo,https://irisprodseatraining.blob.core.windows.net:443/i-8c74b0cb460b431d9701a0f47b8cf612/i-8526e9f8fb934e2d8b5621a7ae8ee722?sv=2019-12-12&se=2021-05-01T07%3A36%3A52Z&sr=b&sp=r&sig=OrvfcF5gnsDZbz%2Fiujp6RN1%2BP80y3O985oQDeDbtJDk%3D,205,564,30,26,0.28932583,0.7931663000000001,0.042134833,0.037921347
7,7,None,mammo,https://irisprodseatraining.blob.core.windows.net:443/i-8c74b0cb460b431d9701a0f47b8cf612/i-7707b686bf6f406a968f281d1dbe1697?sv=2019-12-12&se=2021-05-01T07%3A36%3A52Z&sr=b&sp=r&sig=Rhnc%2B7oevPphqxgmV%2BhlEznp6Rq0hvFxT1hd%2FiFJ%2FbI%3D,375,627,31,22,0.5266854000000001,0.8816494,0.04494382,0.03230337
8,8,None,mammo,https://irisprodseatraining.blob.core.windows.net:443/i-8c74b0cb460b431d9701a0f47b8cf612/i-7707b686bf6f406a968f281d1dbe1697?sv=2019-12-12&se=2021-05-01T07%3A36%3A52Z&sr=b&sp=r&sig=Rhnc%2B7oevPphqxgmV%2BhlEznp6Rq0hvFxT1hd%2FiFJ%2FbI%3D,341,619,43,30,0.4789326,0.8704134,0.06039326,0.042134833
9,9,None,mammo,https://irisprodseatraining.blob.core.windows.net:443/i-8c74b0cb460b431d9701a0f47b8cf612/i-65d3623b9e8c4fff8e0f6248fd3fac9b?sv=2019-12-12&se=2021-05-01T07%3A36%3A52Z&sr=b&sp=r&sig=ilvdzXYKwseQoMGggkNBQdxZbOVgMoJaVE70D%2FWVDw4%3D,238,349,28,26,0.33426967,0.49119997,0.039325844,0.037921347
10,10,None,mammo,https://irisprodseatraining.blob.core.windows.net:443/i-8c74b0cb460b431d9701a0f47b8cf612/i-76fc4451ac0e47d484140b0626291ebf?sv=2019-12-12&se=2021-05-01T07%3A36%3A52Z&sr=b&sp=r&sig=AJGHngIHJfR5l54aurNxnn3LhNVztzrPUoYgka4fUqk%3D,305,456,35,36,0.42977527,0.64148086,0.050561797,0.05196629
11,11,None,mammo,https://irisprodseatraining.blob.core.windows.net:443/i-8c74b0cb460b431d9701a0f47b8cf612/i-76fc4451ac0e47d484140b0626291ebf?sv=2019-12-12&se=2021-05-01T07%3A36%3A52Z&sr=b&sp=r&sig=AJGHngIHJfR5l54aurNxnn3LhNVztzrPUoYgka4fUqk%3D,279,236,45,35,0.39325842,0.33249209999999996,0.06320225,0.050561797
12,12,None,mammo,https://irisprodseatraining.blob.core.windows.net:443/i-8c74b0cb460b431d9701a0f47b8cf612/i-76fc4451ac0e47d484140b0626291ebf?sv=2019-12-12&se=2021-05-01T07%3A36%3A52Z&sr=b&sp=r&sig=AJGHngIHJfR5l54aurNxnn3LhNVztzrPUoYgka4fUqk%3D,385,295,99,73,0.5421348000000001,0.41535726,0.14044943,0.10252809
13,13,None,mammo,https://irisprodseatraining.blob.core.windows.net:443/i-8c74b0cb460b431d9701a0f47b8cf612/i-65886ee1ce134b81816e3c7c0c1cfc5c?sv=2019-12-12&se=2021-05-01T07%3A36%3A52Z&sr=b&sp=r&sig=kHFzXPPJ4V%2FqpvT99c8STTFsv5udZ3hykCuGMxU1afk%3D,334,167,20,29,0.46910113,0.235582,0.029494382000000003,0.04073034
14,14,None,mammo,https://irisprodseatraining.blob.core.windows.net:443/i-8c74b0cb460b431d9701a0f47b8cf612/i-65886ee1ce134b81816e3c7c0c1cfc5c?sv=2019-12-12&se=2021-05-01T07%3A36%3A52Z&sr=b&sp=r&sig=kHFzXPPJ4V%2FqpvT99c8STTFsv5udZ3hykCuGMxU1afk%3D,242,268,22,28,0.33988765,0.37743592,0.03230337,0.039325844
15,15,None,mammo,https://irisprodseatraining.blob.core.windows.net:443/i-8c74b0cb460b431d9701a0f47b8cf612/i-639c3c89d898400ba9af5a6cdc89b828?sv=2019-12-12&se=2021-05-01T07%3A36%3A52Z&sr=b&sp=r&sig=qoqo410dEBH6JFwOg7p%2FRSghJQDrZY3HLb84OkDeo0Q%3D,316,422,27,18,0.44319776,0.59372807,0.037868163999999996,0.026685392000000002
16,16,None,mammo,https://irisprodseatraining.blob.core.windows.net:443/i-8c74b0cb460b431d9701a0f47b8cf612/i-639c3c89d898400ba9af5a6cdc89b828?sv=2019-12-12&se=2021-05-01T07%3A36%3A52Z&sr=b&sp=r&sig=qoqo410dEBH6JFwOg7p%2FRSghJQDrZY3HLb84OkDeo0Q%3D,199,446,20,17,0.27910239,0.6274359,0.028050492000000003,0.025280898
17,17,None,mammo,https://irisprodseatraining.blob.core.windows.net:443/i-8c74b0cb460b431d9701a0f47b8cf612/i-639c3c89d898400ba9af5a6cdc89b828?sv=2019-12-12&se=2021-05-01T07%3A36%3A52Z&sr=b&sp=r&sig=qoqo410dEBH6JFwOg7p%2FRSghJQDrZY3HLb84OkDeo0Q%3D,426,436,25,15,0.59887797,0.613391,0.035063114,0.021067416000000002
18,18,None,mammo,https://irisprodseatraining.blob.core.windows.net:443/i-8c74b0cb460b431d9701a0f47b8cf612/i-639c3c89d898400ba9af5a6cdc89b828?sv=2019-12-12&se=2021-05-01T07%3A36%3A52Z&sr=b&sp=r&sig=qoqo410dEBH6JFwOg7p%2FRSghJQDrZY3HLb84OkDeo0Q%3D,287,479,20,26,0.40392706,0.67378426,0.029453015,0.037921347
19,19,None,mammo,https://irisprodseatraining.blob.core.windows.net:443/i-8c74b0cb460b431d9701a0f47b8cf612/i-639c3c89d898400ba9af5a6cdc89b828?sv=2019-12-12&se=2021-05-01T07%3A36%3A52Z&sr=b&sp=r&sig=qoqo410dEBH6JFwOg7p%2FRSghJQDrZY3HLb84OkDeo0Q%3D,242,437,20,15,0.34081346,0.61479545,0.029453015,0.021067416000000002
20,20,None,mammo,https://irisprodseatraining.blob.core.windows.net:443/i-8c74b0cb460b431d9701a0f47b8cf612/i-639c3c89d898400ba9af5a6cdc89b828?sv=2019-12-12&se=2021-05-01T07%3A36%3A52Z&sr=b&sp=r&sig=qoqo410dEBH6JFwOg7p%2FRSghJQDrZY3HLb84OkDeo0Q%3D,253,274,25,31,0.35624123,0.3858629,0.035063114,0.043539327
21,21,None,mammo,https://irisprodseatraining.blob.core.windows.net:443/i-8c74b0cb460b431d9701a0f47b8cf612/i-adbc8ab83ed6439ca4f0d9df13aa9226?sv=2019-12-12&se=2021-05-01T07%3A36%3A52Z&sr=b&sp=r&sig=4madkIGQUFpvfJfj6q1AFBOOJGvPlTqLOjDiZEzje%2Bw%3D,350,241,30,34,0.49157304,0.33951458,0.042134833,0.04775281
22,22,None,mammo,https://irisprodseatraining.blob.core.windows.net:443/i-8c74b0cb460b431d9701a0f47b8cf612/i-88000aeb245d425dbb9d1fe94af33d45?sv=2019-12-12&se=2021-05-01T07%3A36%3A52Z&sr=b&sp=r&sig=sRXKlIuXZP2VQEFVaeFVa9yzU5%2Byaizmw7s9cI680Kg%3D,322,427,44,41,0.45224719999999996,0.6007505,0.061797753,0.05758427
23,23,None,mammo,https://irisprodseatraining.blob.core.windows.net:443/i-8c74b0cb460b431d9701a0f47b8cf612/i-8652dd7e8b084cef9f173a96dc51bf99?sv=2019-12-12&se=2021-05-01T07%3A36%3A52Z&sr=b&sp=r&sig=0LQfCs0O0GRodXL1lZ9pB0wndCC0kH4ThiLXMwLIQVU%3D,153,257,57,28,0.21629213,0.3619865,0.08005618,0.039325844
24,24,None,mammo,https://irisprodseatraining.blob.core.windows.net:443/i-8c74b0cb460b431d9701a0f47b8cf612/i-f96908bcc56841f881ca7d08fbb5c96a?sv=2019-12-12&se=2021-05-01T07%3A36%3A52Z&sr=b&sp=r&sig=2nq6U0Uw02JoBTUVLK1smaMLhdDbgE1k5gs%2Bl82JXEA%3D,190,290,35,33,0.37747034,0.5734406,0.07114624,0.06706114
25,25,None,mammo,https://irisprodseatraining.blob.core.windows.net:443/i-8c74b0cb460b431d9701a0f47b8cf612/i-bee22270793f4b25b13fad746295e19b?sv=2019-12-12&se=2021-05-01T07%3A36%3A52Z&sr=b&sp=r&sig=DOQlPI%2FT9xG9iLFxapKnmorMqEv2FvG1L3igswMwOgo%3D,117,292,30,33,0.23122529999999997,0.57738537,0.06126482,0.06508876
26,26,None,mammo,https://irisprodseatraining.blob.core.windows.net:443/i-8c74b0cb460b431d9701a0f47b8cf612/i-f455c87fd30b4c7c9e131dd774ef8d42?sv=2019-12-12&se=2021-05-01T07%3A36%3A52Z&sr=b&sp=r&sig=jJzkWrDKaX6GIBaHpICp0cKBEKm5sCVdYN8PopA95VU%3D,367,323,42,42,0.51544946,0.45468313,0.058988765,0.058988765
27,27,None,mammo,https://irisprodseatraining.blob.core.windows.net:443/i-8c74b0cb460b431d9701a0f47b8cf612/i-f455c87fd30b4c7c9e131dd774ef8d42?sv=2019-12-12&se=2021-05-01T07%3A36%3A52Z&sr=b&sp=r&sig=jJzkWrDKaX6GIBaHpICp0cKBEKm5sCVdYN8PopA95VU%3D,328,356,37,42,0.46067417,0.5010314,0.053370785,0.058988765
28,28,None,mammo,https://irisprodseatraining.blob.core.windows.net:443/i-8c74b0cb460b431d9701a0f47b8cf612/i-f455c87fd30b4c7c9e131dd774ef8d42?sv=2019-12-12&se=2021-05-01T07%3A36%3A52Z&sr=b&sp=r&sig=jJzkWrDKaX6GIBaHpICp0cKBEKm5sCVdYN8PopA95VU%3D,233,311,39,40,0.3272472,0.43782917,0.054775283,0.056179777
29,29,None,mammo,https://irisprodseatraining.blob.core.windows.net:443/i-8c74b0cb460b431d9701a0f47b8cf612/i-f455c87fd30b4c7c9e131dd774ef8d42?sv=2019-12-12&se=2021-05-01T07%3A36%3A52Z&sr=b&sp=r&sig=jJzkWrDKaX6GIBaHpICp0cKBEKm5sCVdYN8PopA95VU%3D,407,282,22,23,0.5730337,0.39709884,0.03230337,0.033707865
30,30,None,mammo,https://irisprodseatraining.blob.core.windows.net:443/i-8c74b0cb460b431d9701a0f47b8cf612/i-f455c87fd30b4c7c9e131dd774ef8d42?sv=2019-12-12&se=2021-05-01T07%3A36%3A52Z&sr=b&sp=r&sig=jJzkWrDKaX6GIBaHpICp0cKBEKm5sCVdYN8PopA95VU%3D,265,213,26,18,0.37359549999999997,0.30018872,0.037921347,0.026685392000000002
31,31,None,mammo,https://irisprodseatraining.blob.core.windows.net:443/i-8c74b0cb460b431d9701a0f47b8cf612/i-f455c87fd30b4c7c9e131dd774ef8d42?sv=2019-12-12&se=2021-05-01T07%3A36%3A52Z&sr=b&sp=r&sig=jJzkWrDKaX6GIBaHpICp0cKBEKm5sCVdYN8PopA95VU%3D,290,378,25,31,0.40870786,0.5319303000000001,0.036516852999999995,0.04494382
32,32,None,mammo,https://irisprodseatraining.blob.core.windows.net:443/i-8c74b0cb460b431d9701a0f47b8cf612/i-ca8927cc55384a72b181798e159ed7b0?sv=2019-12-12&se=2021-05-01T07%3A36%3A52Z&sr=b&sp=r&sig=Swe8Ed388T0MbrDNLmMRTHtlZFYPtM3uF6ACDMM60co%3D,280,395,34,34,0.39466292,0.5558066999999999,0.04775281,0.04775281
33,33,None,mammo,https://irisprodseatraining.blob.core.windows.net:443/i-8c74b0cb460b431d9701a0f47b8cf612/i-e5bfba2331b842a8acd97c5887af7606?sv=2019-12-12&se=2021-05-01T07%3A36%3A52Z&sr=b&sp=r&sig=oKLODHh9Id6j56%2FhOXBuvJhvoTU7vzaLwh7w1VUNfE4%3D,381,221,37,29,0.5351123999999999,0.31142467,0.053370785,0.04073034
34,34,None,mammo,https://irisprodseatraining.blob.core.windows.net:443/i-8c74b0cb460b431d9701a0f47b8cf612/i-e5bfba2331b842a8acd97c5887af7606?sv=2019-12-12&se=2021-05-01T07%3A36%3A52Z&sr=b&sp=r&sig=oKLODHh9Id6j56%2FhOXBuvJhvoTU7vzaLwh7w1VUNfE4%3D,217,332,21,29,0.30617976,0.46732357,0.030898876000000002,0.04073034
35,35,None,mammo,https://irisprodseatraining.blob.core.windows.net:443/i-8c74b0cb460b431d9701a0f47b8cf612/i-40af16d5e44c4fa8a12acce2c3cc3ac9?sv=2019-12-12&se=2021-05-01T07%3A36%3A52Z&sr=b&sp=r&sig=h8sPa2llAeD3V%2BUK2prZMc7TlfDaFO6nmaXAz6Ay8MM%3D,490,603,36,25,0.68820226,0.8479415000000001,0.05196629,0.036516852999999995
36,36,None,mammo,https://irisprodseatraining.blob.core.windows.net:443/i-8c74b0cb460b431d9701a0f47b8cf612/i-e516a89fe196477eb33fc50e2c68eff7?sv=2019-12-12&se=2021-05-01T07%3A36%3A52Z&sr=b&sp=r&sig=jzSVVyOR%2F4OXBdPAShumGspC4UXzcY%2BDxHQK7upUmgU%3D,349,429,23,18,0.49016854,0.6035595,0.033707865,0.026685392000000002
37,37,None,mammo,https://irisprodseatraining.blob.core.windows.net:443/i-8c74b0cb460b431d9701a0f47b8cf612/i-e516a89fe196477eb33fc50e2c68eff7?sv=2019-12-12&se=2021-05-01T07%3A36%3A52Z&sr=b&sp=r&sig=jzSVVyOR%2F4OXBdPAShumGspC4UXzcY%2BDxHQK7upUmgU%3D,406,442,23,35,0.5716292,0.62181795,0.033707865,0.050561797
38,38,None,mammo,https://irisprodseatraining.blob.core.windows.net:443/i-8c74b0cb460b431d9701a0f47b8cf612/i-8f1078417de64fb6ac09411e857de628?sv=2019-12-12&se=2021-05-01T07%3A36%3A52Z&sr=b&sp=r&sig=Q0PMl9N9NmBZmgJVHPnxTper4v7NTWMQfu88IKvlask%3D,300,314,29,31,0.42275280000000004,0.44204265,0.04073034,0.043539327
39,39,None,mammo,https://irisprodseatraining.blob.core.windows.net:443/i-8c74b0cb460b431d9701a0f47b8cf612/i-8f1078417de64fb6ac09411e857de628?sv=2019-12-12&se=2021-05-01T07%3A36%3A52Z&sr=b&sp=r&sig=Q0PMl9N9NmBZmgJVHPnxTper4v7NTWMQfu88IKvlask%3D,433,325,20,21,0.6081460999999999,0.45749209999999996,0.028089887999999997,0.030898876000000002
40,40,None,mammo,https://irisprodseatraining.blob.core.windows.net:443/i-8c74b0cb460b431d9701a0f47b8cf612/i-e7c2df9f5d174974a069d24912066e70?sv=2019-12-12&se=2021-05-01T07%3A36%3A52Z&sr=b&sp=r&sig=SX1MqFh9GQgr94K41l8vefbpBTFpB5K%2BxrKufc%2BuHwE%3D,129,479,35,26,0.18117978,0.67378426,0.050561797,0.037921347
41,41,None,mammo,https://irisprodseatraining.blob.core.windows.net:443/i-8c74b0cb460b431d9701a0f47b8cf612/i-e7c2df9f5d174974a069d24912066e70?sv=2019-12-12&se=2021-05-01T07%3A36%3A52Z&sr=b&sp=r&sig=SX1MqFh9GQgr94K41l8vefbpBTFpB5K%2BxrKufc%2BuHwE%3D,168,495,40,34,0.23735955,0.69625616,0.056179777,0.049157303
42,42,None,mammo,https://irisprodseatraining.blob.core.windows.net:443/i-8c74b0cb460b431d9701a0f47b8cf612/i-64db4cb9d65a4d54b4a4d4d6542b60ba?sv=2019-12-12&se=2021-05-01T07%3A36%3A52Z&sr=b&sp=r&sig=PnsH0UO%2B3BkD7fuvz3L9hpuvKsRGkEm3XNqQXIFwoB0%3D,278,470,34,34,0.39185393,0.6602165,0.04775281,0.047685835999999995
43,43,None,mammo,https://irisprodseatraining.blob.core.windows.net:443/i-8c74b0cb460b431d9701a0f47b8cf612/i-64db4cb9d65a4d54b4a4d4d6542b60ba?sv=2019-12-12&se=2021-05-01T07%3A36%3A52Z&sr=b&sp=r&sig=PnsH0UO%2B3BkD7fuvz3L9hpuvKsRGkEm3XNqQXIFwoB0%3D,244,458,30,27,0.34269664,0.64338624,0.042134833,0.037868163999999996
44,44,None,mammo,https://irisprodseatraining.blob.core.windows.net:443/i-8c74b0cb460b431d9701a0f47b8cf612/i-ddcc0e58ddaf49e9b99c248458174a39?sv=2019-12-12&se=2021-05-01T07%3A36%3A52Z&sr=b&sp=r&sig=QfsBdB61xckjUf7%2F8JnpRGxN6ywXAnmzgBH8h%2FSOtlY%3D,349,293,39,34,0.49016854,0.41254827,0.054775283,0.049157303
45,45,None,mammo,https://irisprodseatraining.blob.core.windows.net:443/i-8c74b0cb460b431d9701a0f47b8cf612/i-b5d9a879c5b346f2b9e1a03e02c66c4c?sv=2019-12-12&se=2021-05-01T07%3A36%3A52Z&sr=b&sp=r&sig=sbJ%2Ff07TPB8uH6RRoi1JbSi4zMiLiB%2FFFGmvr5fr2Qk%3D,385,371,34,28,0.54073036,0.52209884,0.049157303,0.039325844
46,46,None,mammo,https://irisprodseatraining.blob.core.windows.net:443/i-8c74b0cb460b431d9701a0f47b8cf612/i-fb95f8bbd9ab4bd592fcfd0af49d12e1?sv=2019-12-12&se=2021-05-01T07%3A36%3A52Z&sr=b&sp=r&sig=0XaDNP14YIdt%2F5TZ94reK06tg9Awg92%2Bpin3H2QXWdQ%3D,344,429,18,18,0.48387095,0.6035595,0.026647966000000002,0.026685392000000002
47,47,None,mammo,https://irisprodseatraining.blob.core.windows.net:443/i-8c74b0cb460b431d9701a0f47b8cf612/i-9da4fc34679b49979e554c577352c402?sv=2019-12-12&se=2021-05-01T07%3A36%3A52Z&sr=b&sp=r&sig=QxizqDXaLQtySWiITcwUoW8Odb2k1S%2BsU5dyOTBsh2c%3D,550,582,34,34,0.7738764,0.8184471999999999,0.04775281,0.04775281
48,48,None,mammo,https://irisprodseatraining.blob.core.windows.net:443/i-8c74b0cb460b431d9701a0f47b8cf612/i-9da4fc34679b49979e554c577352c402?sv=2019-12-12&se=2021-05-01T07%3A36%3A52Z&sr=b&sp=r&sig=QxizqDXaLQtySWiITcwUoW8Odb2k1S%2BsU5dyOTBsh2c%3D,450,663,34,35,0.6320225,0.9322111999999999,0.04775281,0.050561797
49,49,None,mammo,https://irisprodseatraining.blob.core.windows.net:443/i-8c74b0cb460b431d9701a0f47b8cf612/i-86a21c71160b4d5db34da2e7a2087027?sv=2019-12-12&se=2021-05-01T07%3A36%3A52Z&sr=b&sp=r&sig=saps3RRUa%2FIWXnpAPC8Wk4FQKoA72I46Olfc%2BP3qD98%3D,421,465,25,25,0.5926965999999999,0.65412134,0.036516852999999995,0.036516852999999995
50,50,None,mammo,https://irisprodseatraining.blob.core.windows.net:443/i-8c74b0cb460b431d9701a0f47b8cf612/i-86a21c71160b4d5db34da2e7a2087027?sv=2019-12-12&se=2021-05-01T07%3A36%3A52Z&sr=b&sp=r&sig=saps3RRUa%2FIWXnpAPC8Wk4FQKoA72I46Olfc%2BP3qD98%3D,346,529,31,34,0.48735955,0.74400896,0.04494382,0.04775281
51,51,None,mammo,https://irisprodseatraining.blob.core.windows.net:443/i-8c74b0cb460b431d9701a0f47b8cf612/i-8fac5d9bdb7446459159bac3dee4f2c2?sv=2019-12-12&se=2021-05-01T07%3A36%3A52Z&sr=b&sp=r&sig=pz7A9tYzEU6KkAGUqCwEgYjUQPKm8oFRs2Zleh09TO0%3D,305,424,17,17,0.42977527,0.59653705,0.025280898,0.025280898
52,52,None,mammo,https://irisprodseatraining.blob.core.windows.net:443/i-8c74b0cb460b431d9701a0f47b8cf612/i-8fac5d9bdb7446459159bac3dee4f2c2?sv=2019-12-12&se=2021-05-01T07%3A36%3A52Z&sr=b&sp=r&sig=pz7A9tYzEU6KkAGUqCwEgYjUQPKm8oFRs2Zleh09TO0%3D,361,381,35,20,0.50842696,0.5361438000000001,0.050561797,0.028089887999999997
53,53,None,mammo,https://irisprodseatraining.blob.core.windows.net:443/i-8c74b0cb460b431d9701a0f47b8cf612/i-8fac5d9bdb7446459159bac3dee4f2c2?sv=2019-12-12&se=2021-05-01T07%3A36%3A52Z&sr=b&sp=r&sig=pz7A9tYzEU6KkAGUqCwEgYjUQPKm8oFRs2Zleh09TO0%3D,476,421,18,20,0.66853935,0.59232354,0.026685392000000002,0.029494382000000003
54,54,None,mammo,https://irisprodseatraining.blob.core.windows.net:443/i-8c74b0cb460b431d9701a0f47b8cf612/i-35383dd1fd044f0b88e6f7587c05c605?sv=2019-12-12&se=2021-05-01T07%3A36%3A52Z&sr=b&sp=r&sig=Z4u%2BMabG%2FTjtMjJEi0%2BeV3Ilw52RtjcS0pRKPlpE%2Fy4%3D,356,415,57,43,0.5,0.5838966,0.08005618,0.06039326
55,55,None,mammo,https://irisprodseatraining.blob.core.windows.net:443/i-8c74b0cb460b431d9701a0f47b8cf612/i-7d1cce7454de444fac9c7a61f31ca405?sv=2019-12-12&se=2021-05-01T07%3A36%3A52Z&sr=b&sp=r&sig=in9BZoEt%2FP4Qu94Tj%2BC4wDE%2BWUH7EjZVN2aEoZ4qmJk%3D,199,314,25,25,0.28089887,0.44204265,0.036516852999999995,0.03511236
56,56,None,mammo,https://irisprodseatraining.blob.core.windows.net:443/i-8c74b0cb460b431d9701a0f47b8cf612/i-7d1cce7454de444fac9c7a61f31ca405?sv=2019-12-12&se=2021-05-01T07%3A36%3A52Z&sr=b&sp=r&sig=in9BZoEt%2FP4Qu94Tj%2BC4wDE%2BWUH7EjZVN2aEoZ4qmJk%3D,205,293,26,22,0.28932583,0.41254827,0.037921347,0.03230337
57,57,None,mammo,https://irisprodseatraining.blob.core.windows.net:443/i-8c74b0cb460b431d9701a0f47b8cf612/i-1e985e2bd9c64bbdbad16c2c5df345e4?sv=2019-12-12&se=2021-05-01T07%3A36%3A52Z&sr=b&sp=r&sig=f8JQyIt%2FDPSIJj6nQDttSjxhsL5beAGjaA6WG6yTFeg%3D,407,283,89,45,0.5730337,0.39850333,0.125,0.06460674
0,0,None,mammo,https://irisprodseatraining.blob.core.windows.net:443/i-2bdfc083fefa40dca48e1f86af540ecd/i-955da134eb364304865f5aea8aed2cc3?sv=2019-12-12&se=2021-05-01T07%3A38%3A53Z&sr=b&sp=r&sig=c4oGTZFsXqVcvEkcw53944rGY4Yw0GNmSfNTUlZyjqg%3D,599,282,50,40,0.84129214,0.39709884,0.07022472,0.056179777
1,1,None,mammo,https://irisprodseatraining.blob.core.windows.net:443/i-2bdfc083fefa40dca48e1f86af540ecd/i-955da134eb364304865f5aea8aed2cc3?sv=2019-12-12&se=2021-05-01T07%3A38%3A53Z&sr=b&sp=r&sig=c4oGTZFsXqVcvEkcw53944rGY4Yw0GNmSfNTUlZyjqg%3D,599,518,37,25,0.84129214,0.7285595,0.053370785,0.03511236
2,2,None,mammo,https://irisprodseatraining.blob.core.windows.net:443/i-2bdfc083fefa40dca48e1f86af540ecd/i-5a7e21cb29a54579b26c35c190803f4a?sv=2019-12-12&se=2021-05-01T07%3A38%3A53Z&sr=b&sp=r&sig=%2FZOazGmeL8BJJe0lEMpyc%2Bv2Jx3wa85reOueZoEjQhk%3D,70,380,50,47,0.0997191,0.5347393,0.07022472,0.06741573
3,3,None,mammo,https://irisprodseatraining.blob.core.windows.net:443/i-2bdfc083fefa40dca48e1f86af540ecd/i-5a7e21cb29a54579b26c35c190803f4a?sv=2019-12-12&se=2021-05-01T07%3A38%3A53Z&sr=b&sp=r&sig=%2FZOazGmeL8BJJe0lEMpyc%2Bv2Jx3wa85reOueZoEjQhk%3D,102,333,42,34,0.14466292,0.46872807,0.058988765,0.04775281
4,4,None,mammo,https://irisprodseatraining.blob.core.windows.net:443/i-2bdfc083fefa40dca48e1f86af540ecd/i-5a7e21cb29a54579b26c35c190803f4a?sv=2019-12-12&se=2021-05-01T07%3A38%3A53Z&sr=b&sp=r&sig=%2FZOazGmeL8BJJe0lEMpyc%2Bv2Jx3wa85reOueZoEjQhk%3D,39,334,52,44,0.054775283,0.47013256,0.0744382,0.061797753
5,5,None,mammo,https://irisprodseatraining.blob.core.windows.net:443/i-2bdfc083fefa40dca48e1f86af540ecd/i-db5e1539cac043b783b73159d2c0edcc?sv=2019-12-12&se=2021-05-01T07%3A38%3A53Z&sr=b&sp=r&sig=EhR9NALB5u4BxJuQss%2Bks7reBl%2BKNxF%2B%2FymDArqmxEQ%3D,363,245,60,53,0.51123595,0.34513256,0.084269665,0.07584269
6,6,None,mammo,https://irisprodseatraining.blob.core.windows.net:443/i-2bdfc083fefa40dca48e1f86af540ecd/i-db5e1539cac043b783b73159d2c0edcc?sv=2019-12-12&se=2021-05-01T07%3A38%3A53Z&sr=b&sp=r&sig=EhR9NALB5u4BxJuQss%2Bks7reBl%2BKNxF%2B%2FymDArqmxEQ%3D,439,561,65,47,0.61657304,0.78895277,0.091292135,0.06741573
7,7,None,mammo,https://irisprodseatraining.blob.core.windows.net:443/i-2bdfc083fefa40dca48e1f86af540ecd/i-b861b8610a3345748fdcf03193700361?sv=2019-12-12&se=2021-05-01T07%3A38%3A53Z&sr=b&sp=r&sig=E10pep4F14Zal%2F5DKxybrj2KaOsFzDBFB7vnrOsjQdc%3D,286,238,36,36,0.4016854,0.3353011,0.05196629,0.05196629
8,8,None,mammo,https://irisprodseatraining.blob.core.windows.net:443/i-2bdfc083fefa40dca48e1f86af540ecd/i-b861b8610a3345748fdcf03193700361?sv=2019-12-12&se=2021-05-01T07%3A38%3A53Z&sr=b&sp=r&sig=E10pep4F14Zal%2F5DKxybrj2KaOsFzDBFB7vnrOsjQdc%3D,303,456,42,31,0.42696628,0.64148086,0.058988765,0.04494382
9,9,None,mammo,https://irisprodseatraining.blob.core.windows.net:443/i-2bdfc083fefa40dca48e1f86af540ecd/i-b861b8610a3345748fdcf03193700361?sv=2019-12-12&se=2021-05-01T07%3A38%3A53Z&sr=b&sp=r&sig=E10pep4F14Zal%2F5DKxybrj2KaOsFzDBFB7vnrOsjQdc%3D,392,299,93,63,0.5505618,0.42097524,0.13202247,0.08848315
10,10,None,mammo,https://irisprodseatraining.blob.core.windows.net:443/i-2bdfc083fefa40dca48e1f86af540ecd/i-87e8015a795042c688e83ed2ebbd06ce?sv=2019-12-12&se=2021-05-01T07%3A38%3A53Z&sr=b&sp=r&sig=5GO%2B1d409CITY2nWIlr5XGLXJBXycdEQBV6DbYn98s8%3D,96,358,25,25,0.13623595,0.5031338,0.03511236,0.035063114
11,11,None,mammo,https://irisprodseatraining.blob.core.windows.net:443/i-2bdfc083fefa40dca48e1f86af540ecd/i-87e8015a795042c688e83ed2ebbd06ce?sv=2019-12-12&se=2021-05-01T07%3A38%3A53Z&sr=b&sp=r&sig=5GO%2B1d409CITY2nWIlr5XGLXJBXycdEQBV6DbYn98s8%3D,154,335,25,33,0.21769662,0.47087570000000006,0.036516852999999995,0.04628331
12,12,None,mammo,https://irisprodseatraining.blob.core.windows.net:443/i-2bdfc083fefa40dca48e1f86af540ecd/i-87e8015a795042c688e83ed2ebbd06ce?sv=2019-12-12&se=2021-05-01T07%3A38%3A53Z&sr=b&sp=r&sig=5GO%2B1d409CITY2nWIlr5XGLXJBXycdEQBV6DbYn98s8%3D,78,315,39,38,0.109550565,0.44282520000000003,0.054775283,0.053295933
13,13,None,mammo,https://irisprodseatraining.blob.core.windows.net:443/i-2bdfc083fefa40dca48e1f86af540ecd/i-87e8015a795042c688e83ed2ebbd06ce?sv=2019-12-12&se=2021-05-01T07%3A38%3A53Z&sr=b&sp=r&sig=5GO%2B1d409CITY2nWIlr5XGLXJBXycdEQBV6DbYn98s8%3D,57,356,34,33,0.08005618,0.5003287000000001,0.04775281,0.04628331
14,14,None,mammo,https://irisprodseatraining.blob.core.windows.net:443/i-2bdfc083fefa40dca48e1f86af540ecd/i-87e8015a795042c688e83ed2ebbd06ce?sv=2019-12-12&se=2021-05-01T07%3A38%3A53Z&sr=b&sp=r&sig=5GO%2B1d409CITY2nWIlr5XGLXJBXycdEQBV6DbYn98s8%3D,101,383,23,25,0.14325842,0.53819686,0.033707865,0.035063114
15,15,None,mammo,https://irisprodseatraining.blob.core.windows.net:443/i-2bdfc083fefa40dca48e1f86af540ecd/i-d57fcb85eec74d14ad8c2c133356338e?sv=2019-12-12&se=2021-05-01T07%3A38%3A53Z&sr=b&sp=r&sig=QJR20SUw2aDiCWYtGVq5EKs17vyRBvNjy68J2YiNfnk%3D,428,435,22,15,0.601683,0.61198646,0.03085554,0.02247191
16,16,None,mammo,https://irisprodseatraining.blob.core.windows.net:443/i-2bdfc083fefa40dca48e1f86af540ecd/i-d57fcb85eec74d14ad8c2c133356338e?sv=2019-12-12&se=2021-05-01T07%3A38%3A53Z&sr=b&sp=r&sig=QJR20SUw2aDiCWYtGVq5EKs17vyRBvNjy68J2YiNfnk%3D,196,445,22,21,0.27629733,0.6260314,0.03085554,0.030898876000000002
17,17,None,mammo,https://irisprodseatraining.blob.core.windows.net:443/i-2bdfc083fefa40dca48e1f86af540ecd/i-d57fcb85eec74d14ad8c2c133356338e?sv=2019-12-12&se=2021-05-01T07%3A38%3A53Z&sr=b&sp=r&sig=QJR20SUw2aDiCWYtGVq5EKs17vyRBvNjy68J2YiNfnk%3D,286,475,25,31,0.40252453,0.6681663000000001,0.035063114,0.04494382
18,18,None,mammo,https://irisprodseatraining.blob.core.windows.net:443/i-2bdfc083fefa40dca48e1f86af540ecd/i-d57fcb85eec74d14ad8c2c133356338e?sv=2019-12-12&se=2021-05-01T07%3A38%3A53Z&sr=b&sp=r&sig=QJR20SUw2aDiCWYtGVq5EKs17vyRBvNjy68J2YiNfnk%3D,249,269,29,34,0.34922862,0.37884042,0.042075735,0.04775281
19,19,None,mammo,https://irisprodseatraining.blob.core.windows.net:443/i-2bdfc083fefa40dca48e1f86af540ecd/i-d57fcb85eec74d14ad8c2c133356338e?sv=2019-12-12&se=2021-05-01T07%3A38%3A53Z&sr=b&sp=r&sig=QJR20SUw2aDiCWYtGVq5EKs17vyRBvNjy68J2YiNfnk%3D,314,421,28,20,0.44179523,0.59232354,0.039270688,0.028089887999999997
20,20,None,mammo,https://irisprodseatraining.blob.core.windows.net:443/i-2bdfc083fefa40dca48e1f86af540ecd/i-d57fcb85eec74d14ad8c2c133356338e?sv=2019-12-12&se=2021-05-01T07%3A38%3A53Z&sr=b&sp=r&sig=QJR20SUw2aDiCWYtGVq5EKs17vyRBvNjy68J2YiNfnk%3D,244,433,20,21,0.3436185,0.6091774999999999,0.028050492000000003,0.030898876000000002
21,21,None,mammo,https://irisprodseatraining.blob.core.windows.net:443/i-2bdfc083fefa40dca48e1f86af540ecd/i-62e90bf920544d7fb305200cfa24e087?sv=2019-12-12&se=2021-05-01T07%3A38%3A53Z&sr=b&sp=r&sig=U0L1SSlZSZc%2Bsre9IHGoMtjQ%2FzHqhI%2F6a6Q0hoXQKkM%3D,345,242,36,35,0.48455057,0.34091908,0.05196629,0.050561797
22,22,None,mammo,https://irisprodseatraining.blob.core.windows.net:443/i-2bdfc083fefa40dca48e1f86af540ecd/i-03f17bae436e46afb005b402efbe0e02?sv=2019-12-12&se=2021-05-01T07%3A38%3A53Z&sr=b&sp=r&sig=G8S0Y040ypEFD6GR%2FrWPXBl7B3c6MDbfmOTq773ZEoI%3D,147,393,48,36,0.20786516,0.5529977,0.06882022,0.05196629
23,23,None,mammo,https://irisprodseatraining.blob.core.windows.net:443/i-2bdfc083fefa40dca48e1f86af540ecd/i-b6451f4f8e29411282b36b8bf226b4a4?sv=2019-12-12&se=2021-05-01T07%3A38%3A54Z&sr=b&sp=r&sig=j4eCYnPU%2BC7udb6Opne0tuaRHxW2iLNsaNKWBvvj0bw%3D,460,375,31,34,0.64606744,0.5277168000000001,0.04494382,0.049157303
24,24,None,mammo,https://irisprodseatraining.blob.core.windows.net:443/i-2bdfc083fefa40dca48e1f86af540ecd/i-d38f7851bc064165bdd2cc94467399f6?sv=2019-12-12&se=2021-05-01T07%3A38%3A54Z&sr=b&sp=r&sig=RH7cbY2l8yJw8KT1eihYmHpkDQpfXobLriUbkXCec3k%3D,21,526,35,26,0.030898876000000002,0.73979545,0.050561797,0.037921347
25,25,None,mammo,https://irisprodseatraining.blob.core.windows.net:443/i-2bdfc083fefa40dca48e1f86af540ecd/i-d38f7851bc064165bdd2cc94467399f6?sv=2019-12-12&se=2021-05-01T07%3A38%3A54Z&sr=b&sp=r&sig=RH7cbY2l8yJw8KT1eihYmHpkDQpfXobLriUbkXCec3k%3D,108,427,37,31,0.15308988,0.6007505,0.053370785,0.043539327
26,26,None,mammo,https://irisprodseatraining.blob.core.windows.net:443/i-2bdfc083fefa40dca48e1f86af540ecd/i-d38f7851bc064165bdd2cc94467399f6?sv=2019-12-12&se=2021-05-01T07%3A38%3A54Z&sr=b&sp=r&sig=RH7cbY2l8yJw8KT1eihYmHpkDQpfXobLriUbkXCec3k%3D,148,430,34,26,0.20926966,0.6049640000000001,0.04775281,0.037921347
27,27,None,mammo,https://irisprodseatraining.blob.core.windows.net:443/i-2bdfc083fefa40dca48e1f86af540ecd/i-d38f7851bc064165bdd2cc94467399f6?sv=2019-12-12&se=2021-05-01T07%3A38%3A54Z&sr=b&sp=r&sig=RH7cbY2l8yJw8KT1eihYmHpkDQpfXobLriUbkXCec3k%3D,71,410,37,33,0.101123594,0.57687414,0.053370785,0.046348315
