,Unnamed: 0,img_path,tagName,originalImage,left,top,width,height,Rleft,Rtop,Rwidth,Rheight,fileName
0,0,/media/tohn/SSD/mammo_custom/train/Internal/mammo_0.jpg,mammo,https://irisprodseatraining.blob.core.windows.net:443/i-0d45dea24cd048b2b3eca5b1e84e19a2/i-5a46ebf910c347a894ef3ee7403ad65b?sv=2019-12-12&se=2021-05-08T06%3A52%3A18Z&sr=b&sp=r&sig=zafoaQ34uwOLQOqTVoCRhF3H4uaWiHSKUplCzih659E%3D,144,346,31,26,0.20365168,0.4869865,0.04494382,0.037921347,mammo_0.jpg
1,1,/media/tohn/SSD/mammo_custom/train/Internal/mammo_1.jpg,mammo,https://irisprodseatraining.blob.core.windows.net:443/i-0d45dea24cd048b2b3eca5b1e84e19a2/i-26a538b7c1c14a1d959b186ca1ff0709?sv=2019-12-12&se=2021-05-08T06%3A52%3A18Z&sr=b&sp=r&sig=g73AlGdnNdAS9QCJbe9WdlHjAPuIWwIJ4qa1h5%2Fvzbg%3D,150,279,25,25,0.21207865,0.39288536,0.03511236,0.036516852999999995,mammo_1.jpg
2,2,/media/tohn/SSD/mammo_custom/train/Internal/mammo_2.jpg,mammo,https://irisprodseatraining.blob.core.windows.net:443/i-0d45dea24cd048b2b3eca5b1e84e19a2/i-744877a3653a4b86bc56df239e8d79a2?sv=2019-12-12&se=2021-05-08T06%3A52%3A18Z&sr=b&sp=r&sig=TqyGJ6PJgYCyl7BTMGK%2F8pgEkjlesjYlz0oBXipgL44%3D,100,444,34,31,0.14185393,0.62462693,0.049157303,0.043539327,mammo_2.jpg
3,3,/media/tohn/SSD/mammo_custom/train/Internal/mammo_3.jpg,mammo,https://irisprodseatraining.blob.core.windows.net:443/i-0d45dea24cd048b2b3eca5b1e84e19a2/i-5e3cca1d976644e895a6dfb05a85e24b?sv=2019-12-12&se=2021-05-08T06%3A52%3A18Z&sr=b&sp=r&sig=nSSjNhpZYFKW9OyjXGiSQrGfuVVyr3Pnvu3921zyd2w%3D,75,297,25,28,0.106591865,0.41757977,0.036465637,0.04067321,mammo_3.jpg
4,4,/media/tohn/SSD/mammo_custom/train/Internal/mammo_4.jpg,mammo,https://irisprodseatraining.blob.core.windows.net:443/i-0d45dea24cd048b2b3eca5b1e84e19a2/i-9f89257857ea4e399c989336367a110f?sv=2019-12-12&se=2021-05-08T06%3A52%3A18Z&sr=b&sp=r&sig=c91hvuB94tLiSOvA8bXWEWFD0JBSPMmr63S%2BNwbvhv8%3D,226,295,31,34,0.31741574,0.41535726,0.043539327,0.049157303,mammo_4.jpg
5,5,/media/tohn/SSD/mammo_custom/train/Internal/mammo_5.jpg,mammo,https://irisprodseatraining.blob.core.windows.net:443/i-0d45dea24cd048b2b3eca5b1e84e19a2/i-7de0845385c84f97b9af71bb9da2acaa?sv=2019-12-12&se=2021-05-08T06%3A52%3A18Z&sr=b&sp=r&sig=rm31CeSLPYr%2FK%2B5%2Bayq3KCP0nDgOxnHG5vsw2z8yJTc%3D,40,369,34,25,0.056179777,0.51928985,0.04775281,0.03511236,mammo_5.jpg
6,6,/media/tohn/SSD/mammo_custom/train/Internal/mammo_6.jpg,mammo,https://irisprodseatraining.blob.core.windows.net:443/i-0d45dea24cd048b2b3eca5b1e84e19a2/i-e9451d9207d04bdb9e1abd1f876fb913?sv=2019-12-12&se=2021-05-08T06%3A52%3A18Z&sr=b&sp=r&sig=Al%2FWiHk%2BZPbIhNgAUzA9x%2B0YqImWdDXb8m35Ssuo8Ig%3D,45,395,34,33,0.06320225,0.5550271999999999,0.04775281,0.04628331,mammo_6.jpg
7,7,/media/tohn/SSD/mammo_custom/train/Internal/mammo_7.jpg,mammo,https://irisprodseatraining.blob.core.windows.net:443/i-0d45dea24cd048b2b3eca5b1e84e19a2/i-e9451d9207d04bdb9e1abd1f876fb913?sv=2019-12-12&se=2021-05-08T06%3A52%3A18Z&sr=b&sp=r&sig=Al%2FWiHk%2BZPbIhNgAUzA9x%2B0YqImWdDXb8m35Ssuo8Ig%3D,0,394,33,35,0.0,0.55362463,0.046348315,0.04908836,mammo_7.jpg
8,8,/media/tohn/SSD/mammo_custom/train/Internal/mammo_8.jpg,mammo,https://irisprodseatraining.blob.core.windows.net:443/i-0d45dea24cd048b2b3eca5b1e84e19a2/i-e9451d9207d04bdb9e1abd1f876fb913?sv=2019-12-12&se=2021-05-08T06%3A52%3A18Z&sr=b&sp=r&sig=Al%2FWiHk%2BZPbIhNgAUzA9x%2B0YqImWdDXb8m35Ssuo8Ig%3D,21,355,42,40,0.030898876000000002,0.4989262,0.058988765,0.056100983,mammo_8.jpg
9,9,/media/tohn/SSD/mammo_custom/train/Internal/mammo_9.jpg,mammo,https://irisprodseatraining.blob.core.windows.net:443/i-0d45dea24cd048b2b3eca5b1e84e19a2/i-800794ccc1d94ece8d1a63ad1543157c?sv=2019-12-12&se=2021-05-08T06%3A52%3A18Z&sr=b&sp=r&sig=W23PRTfvDMfU015WUXyDSNkhJC1n%2FxF2ANzPH%2F4ysJM%3D,73,380,45,43,0.10252809,0.5347393,0.06460674,0.06039326,mammo_9.jpg
10,10,/media/tohn/SSD/mammo_custom/train/Internal/mammo_10.jpg,mammo,https://irisprodseatraining.blob.core.windows.net:443/i-0d45dea24cd048b2b3eca5b1e84e19a2/i-800794ccc1d94ece8d1a63ad1543157c?sv=2019-12-12&se=2021-05-08T06%3A52%3A18Z&sr=b&sp=r&sig=W23PRTfvDMfU015WUXyDSNkhJC1n%2FxF2ANzPH%2F4ysJM%3D,103,336,35,28,0.14606741,0.47294155,0.050561797,0.039325844,mammo_10.jpg
11,11,/media/tohn/SSD/mammo_custom/train/Internal/mammo_11.jpg,mammo,https://irisprodseatraining.blob.core.windows.net:443/i-0d45dea24cd048b2b3eca5b1e84e19a2/i-800794ccc1d94ece8d1a63ad1543157c?sv=2019-12-12&se=2021-05-08T06%3A52%3A18Z&sr=b&sp=r&sig=W23PRTfvDMfU015WUXyDSNkhJC1n%2FxF2ANzPH%2F4ysJM%3D,37,335,52,43,0.053370785,0.47153705,0.0744382,0.06039326,mammo_11.jpg
12,12,/media/tohn/SSD/mammo_custom/train/Internal/mammo_12.jpg,mammo,https://irisprodseatraining.blob.core.windows.net:443/i-0d45dea24cd048b2b3eca5b1e84e19a2/i-dd80176e57fd4dcc9cac165ff4be2cff?sv=2019-12-12&se=2021-05-08T06%3A52%3A18Z&sr=b&sp=r&sig=iN2YNA4te0tzRgrhcWyqVrdOzVzH3zYRvd2E3AnGUmE%3D,194,334,30,29,0.2738764,0.47013256,0.042134833,0.04073034,mammo_12.jpg
13,13,/media/tohn/SSD/mammo_custom/train/Internal/mammo_13.jpg,mammo,https://irisprodseatraining.blob.core.windows.net:443/i-0d45dea24cd048b2b3eca5b1e84e19a2/i-d0072ff645464f2095d1c11c0f097c72?sv=2019-12-12&se=2021-05-08T06%3A52%3A18Z&sr=b&sp=r&sig=Cxznm3FR3LqP086lRj7YGAThp6blCUx4Bns4imUohxI%3D,581,328,22,31,0.8174157,0.46170559999999994,0.03230337,0.04494382,mammo_13.jpg
14,14,/media/tohn/SSD/mammo_custom/train/Internal/mammo_14.jpg,mammo,https://irisprodseatraining.blob.core.windows.net:443/i-0d45dea24cd048b2b3eca5b1e84e19a2/i-d0072ff645464f2095d1c11c0f097c72?sv=2019-12-12&se=2021-05-08T06%3A52%3A18Z&sr=b&sp=r&sig=Cxznm3FR3LqP086lRj7YGAThp6blCUx4Bns4imUohxI%3D,567,291,25,39,0.79634833,0.40973930000000003,0.036516852999999995,0.054775283,mammo_14.jpg
15,15,/media/tohn/SSD/mammo_custom/train/Internal/mammo_15.jpg,mammo,https://irisprodseatraining.blob.core.windows.net:443/i-0d45dea24cd048b2b3eca5b1e84e19a2/i-be98a27a50a6433b959fd329a4309284?sv=2019-12-12&se=2021-05-08T06%3A52%3A18Z&sr=b&sp=r&sig=PsgiyMG%2FhLDnZncnXSN23gvVbOL%2BWEUkvy8fj0%2FJDYQ%3D,502,292,26,30,0.7050562,0.41114378,0.037921347,0.042134833,mammo_15.jpg
16,16,/media/tohn/SSD/mammo_custom/train/Internal/mammo_16.jpg,mammo,https://irisprodseatraining.blob.core.windows.net:443/i-0d45dea24cd048b2b3eca5b1e84e19a2/i-be98a27a50a6433b959fd329a4309284?sv=2019-12-12&se=2021-05-08T06%3A52%3A18Z&sr=b&sp=r&sig=PsgiyMG%2FhLDnZncnXSN23gvVbOL%2BWEUkvy8fj0%2FJDYQ%3D,545,349,28,26,0.7668539000000001,0.49119997,0.039325844,0.037921347,mammo_16.jpg
17,17,/media/tohn/SSD/mammo_custom/train/Internal/mammo_17.jpg,mammo,https://irisprodseatraining.blob.core.windows.net:443/i-0d45dea24cd048b2b3eca5b1e84e19a2/i-1833e930a77c4372ad24e4e3a86aac9b?sv=2019-12-12&se=2021-05-08T06%3A52%3A18Z&sr=b&sp=r&sig=p%2FYFKFGvApFrt3l%2FLKjcSCd99JUbP4Qj0VUvdcIC4Pc%3D,437,563,66,44,0.61376405,0.79176176,0.09410112,0.061797753,mammo_17.jpg
18,18,/media/tohn/SSD/mammo_custom/train/Internal/mammo_18.jpg,mammo,https://irisprodseatraining.blob.core.windows.net:443/i-0d45dea24cd048b2b3eca5b1e84e19a2/i-1833e930a77c4372ad24e4e3a86aac9b?sv=2019-12-12&se=2021-05-08T06%3A52%3A18Z&sr=b&sp=r&sig=p%2FYFKFGvApFrt3l%2FLKjcSCd99JUbP4Qj0VUvdcIC4Pc%3D,367,251,58,43,0.51544946,0.35355952,0.08146068,0.06039326,mammo_18.jpg
19,19,/media/tohn/SSD/mammo_custom/train/Internal/mammo_19.jpg,mammo,https://irisprodseatraining.blob.core.windows.net:443/i-0d45dea24cd048b2b3eca5b1e84e19a2/i-0ef1554a9b2f49f5b98df2a5339bc986?sv=2019-12-12&se=2021-05-08T06%3A52%3A18Z&sr=b&sp=r&sig=1LKyFD1xdPuVg6u%2FYnMhJCobREwhVkSkUtwZDuP2Gdw%3D,615,416,29,26,0.86376405,0.5853010999999999,0.04073034,0.037921347,mammo_19.jpg
20,20,/media/tohn/SSD/mammo_custom/train/Internal/mammo_20.jpg,mammo,https://irisprodseatraining.blob.core.windows.net:443/i-0d45dea24cd048b2b3eca5b1e84e19a2/i-25a2812f1f404ce39e7f6a00a42caedd?sv=2019-12-12&se=2021-05-08T06%3A52%3A18Z&sr=b&sp=r&sig=WrfkWkWNjfy3Y1k%2BeELJuY%2BUBPH5ri8Gnfrqk5FvzDA%3D,588,409,22,25,0.82468444,0.5754696,0.03085554,0.036516852999999995,mammo_20.jpg
21,21,/media/tohn/SSD/mammo_custom/train/Internal/mammo_21.jpg,mammo,https://irisprodseatraining.blob.core.windows.net:443/i-0d45dea24cd048b2b3eca5b1e84e19a2/i-cec3d0239d65413fa9f4d43ef0f1110c?sv=2019-12-12&se=2021-05-08T06%3A52%3A18Z&sr=b&sp=r&sig=G1uNV2g8wZWfCE%2FAPGidj21pRUg2harfWnW9gyxU4iQ%3D,31,174,34,31,0.043539327,0.24541345,0.04775281,0.04494382,mammo_21.jpg
22,22,/media/tohn/SSD/mammo_custom/train/Internal/mammo_22.jpg,mammo,https://irisprodseatraining.blob.core.windows.net:443/i-0d45dea24cd048b2b3eca5b1e84e19a2/i-26d08c11c53b40da9a04cbb301561554?sv=2019-12-12&se=2021-05-08T06%3A52%3A18Z&sr=b&sp=r&sig=9qeNUpaSr%2Fr9rPuENrhkRb6V%2FiLHfGzo%2FMeW51uaGx4%3D,52,369,59,46,0.0744382,0.51928985,0.08286517,0.066011235,mammo_22.jpg
23,23,/media/tohn/SSD/mammo_custom/train/Internal/mammo_23.jpg,mammo,https://irisprodseatraining.blob.core.windows.net:443/i-0d45dea24cd048b2b3eca5b1e84e19a2/i-69d47433840b43569888eeeb56544235?sv=2019-12-12&se=2021-05-08T06%3A52%3A18Z&sr=b&sp=r&sig=%2B3b96iULqNm4ixMYcE7MTB%2FaMQR%2FxQBp4uvuzgEdqYU%3D,192,377,29,25,0.27106740000000007,0.5305258,0.04073034,0.03511236,mammo_23.jpg
24,24,/media/tohn/SSD/mammo_custom/train/Internal/mammo_24.jpg,mammo,https://irisprodseatraining.blob.core.windows.net:443/i-0d45dea24cd048b2b3eca5b1e84e19a2/i-69d47433840b43569888eeeb56544235?sv=2019-12-12&se=2021-05-08T06%3A52%3A18Z&sr=b&sp=r&sig=%2B3b96iULqNm4ixMYcE7MTB%2FaMQR%2FxQBp4uvuzgEdqYU%3D,180,397,28,25,0.252809,0.5586156999999999,0.039325844,0.036516852999999995,mammo_24.jpg
25,25,/media/tohn/SSD/mammo_custom/train/Internal/mammo_25.jpg,mammo,https://irisprodseatraining.blob.core.windows.net:443/i-0d45dea24cd048b2b3eca5b1e84e19a2/i-19164da76e8947adb57e411ee8fc09f7?sv=2019-12-12&se=2021-05-08T06%3A52%3A18Z&sr=b&sp=r&sig=ebl0H3P9sTom8cHT32OiskwXNh%2B3KFQN6J1cLjAFuH0%3D,139,356,20,20,0.19662921,0.5010314,0.029494382000000003,0.029494382000000003,mammo_25.jpg
26,26,/media/tohn/SSD/mammo_custom/train/Internal/mammo_26.jpg,mammo,https://irisprodseatraining.blob.core.windows.net:443/i-0d45dea24cd048b2b3eca5b1e84e19a2/i-19164da76e8947adb57e411ee8fc09f7?sv=2019-12-12&se=2021-05-08T06%3A52%3A18Z&sr=b&sp=r&sig=ebl0H3P9sTom8cHT32OiskwXNh%2B3KFQN6J1cLjAFuH0%3D,148,334,20,26,0.20926966,0.47013256,0.028089887999999997,0.037921347,mammo_26.jpg
27,27,/media/tohn/SSD/mammo_custom/train/Internal/mammo_27.jpg,mammo,https://irisprodseatraining.blob.core.windows.net:443/i-0d45dea24cd048b2b3eca5b1e84e19a2/i-48aa3d0975414787ba7400ac512391c7?sv=2019-12-12&se=2021-05-08T06%3A52%3A18Z&sr=b&sp=r&sig=xirdVKrsUxukqhsjnxtxoYKtnR8ntaTbcSEBTDCvTL4%3D,56,302,42,36,0.07865169,0.42518872,0.058988765,0.05196629,mammo_27.jpg
28,28,/media/tohn/SSD/mammo_custom/train/Internal/mammo_28.jpg,mammo,https://irisprodseatraining.blob.core.windows.net:443/i-0d45dea24cd048b2b3eca5b1e84e19a2/i-a65aa5bc09af45b0bf9bcb804bbee479?sv=2019-12-12&se=2021-05-08T06%3A52%3A18Z&sr=b&sp=r&sig=52SuQKpcZ4%2FvfywCyOEMXRCm1GXlOnFOduYoY4HSxkc%3D,85,372,29,26,0.119382024,0.52350336,0.04073034,0.037921347,mammo_28.jpg
29,29,/media/tohn/SSD/mammo_custom/train/Internal/mammo_29.jpg,mammo,https://irisprodseatraining.blob.core.windows.net:443/i-0d45dea24cd048b2b3eca5b1e84e19a2/i-a65aa5bc09af45b0bf9bcb804bbee479?sv=2019-12-12&se=2021-05-08T06%3A52%3A18Z&sr=b&sp=r&sig=52SuQKpcZ4%2FvfywCyOEMXRCm1GXlOnFOduYoY4HSxkc%3D,25,431,25,25,0.03511236,0.6063685000000001,0.036516852999999995,0.036516852999999995,mammo_29.jpg
30,30,/media/tohn/SSD/mammo_custom/train/Internal/mammo_30.jpg,mammo,https://irisprodseatraining.blob.core.windows.net:443/i-0d45dea24cd048b2b3eca5b1e84e19a2/i-a65aa5bc09af45b0bf9bcb804bbee479?sv=2019-12-12&se=2021-05-08T06%3A52%3A18Z&sr=b&sp=r&sig=52SuQKpcZ4%2FvfywCyOEMXRCm1GXlOnFOduYoY4HSxkc%3D,53,406,29,56,0.07584269,0.57125616,0.04073034,0.07865169,mammo_30.jpg
31,31,/media/tohn/SSD/mammo_custom/train/Internal/mammo_31.jpg,mammo,https://irisprodseatraining.blob.core.windows.net:443/i-0d45dea24cd048b2b3eca5b1e84e19a2/i-d2b7b0f579d84e7bbce33d9ec952225f?sv=2019-12-12&se=2021-05-08T06%3A52%3A18Z&sr=b&sp=r&sig=w5HLjEZ3mdMfSV8jQHVc7BqBGAI3pJnDgK%2FDdbUmR90%3D,156,341,25,27,0.21910113,0.47929084,0.036516852999999995,0.037868163999999996,mammo_31.jpg
32,32,/media/tohn/SSD/mammo_custom/train/Internal/mammo_32.jpg,mammo,https://irisprodseatraining.blob.core.windows.net:443/i-0d45dea24cd048b2b3eca5b1e84e19a2/i-d2b7b0f579d84e7bbce33d9ec952225f?sv=2019-12-12&se=2021-05-08T06%3A52%3A18Z&sr=b&sp=r&sig=w5HLjEZ3mdMfSV8jQHVc7BqBGAI3pJnDgK%2FDdbUmR90%3D,98,385,22,20,0.13904494,0.5410019,0.03230337,0.028050492000000003,mammo_32.jpg
33,33,/media/tohn/SSD/mammo_custom/train/Internal/mammo_33.jpg,mammo,https://irisprodseatraining.blob.core.windows.net:443/i-0d45dea24cd048b2b3eca5b1e84e19a2/i-d2b7b0f579d84e7bbce33d9ec952225f?sv=2019-12-12&se=2021-05-08T06%3A52%3A18Z&sr=b&sp=r&sig=w5HLjEZ3mdMfSV8jQHVc7BqBGAI3pJnDgK%2FDdbUmR90%3D,54,358,36,29,0.07724719,0.5031338,0.05196629,0.042075735,mammo_33.jpg
34,34,/media/tohn/SSD/mammo_custom/train/Internal/mammo_34.jpg,mammo,https://irisprodseatraining.blob.core.windows.net:443/i-0d45dea24cd048b2b3eca5b1e84e19a2/i-d2b7b0f579d84e7bbce33d9ec952225f?sv=2019-12-12&se=2021-05-08T06%3A52%3A18Z&sr=b&sp=r&sig=w5HLjEZ3mdMfSV8jQHVc7BqBGAI3pJnDgK%2FDdbUmR90%3D,95,360,25,25,0.13483146,0.5059388,0.03511236,0.035063114,mammo_34.jpg
35,35,/media/tohn/SSD/mammo_custom/train/Internal/mammo_35.jpg,mammo,https://irisprodseatraining.blob.core.windows.net:443/i-0d45dea24cd048b2b3eca5b1e84e19a2/i-d2b7b0f579d84e7bbce33d9ec952225f?sv=2019-12-12&se=2021-05-08T06%3A52%3A18Z&sr=b&sp=r&sig=w5HLjEZ3mdMfSV8jQHVc7BqBGAI3pJnDgK%2FDdbUmR90%3D,82,312,42,40,0.11516854,0.43861765,0.058988765,0.056100983,mammo_35.jpg
36,36,/media/tohn/SSD/mammo_custom/train/Internal/mammo_36.jpg,mammo,https://irisprodseatraining.blob.core.windows.net:443/i-0d45dea24cd048b2b3eca5b1e84e19a2/i-654ac51795d04432ac302ed45ed360be?sv=2019-12-12&se=2021-05-08T06%3A52%3A18Z&sr=b&sp=r&sig=CGJywcwI%2FFJ32AUwCg8fS6%2BZ3ulSDNSK061wtxNGk7M%3D,196,424,31,34,0.2752809,0.5948661,0.04494382,0.04761905,mammo_36.jpg
37,37,/media/tohn/SSD/mammo_custom/train/Internal/mammo_37.jpg,mammo,https://irisprodseatraining.blob.core.windows.net:443/i-0d45dea24cd048b2b3eca5b1e84e19a2/i-76bf6311a70940ff89b8a2d4fe3d6d13?sv=2019-12-12&se=2021-05-08T06%3A52%3A18Z&sr=b&sp=r&sig=xSfTJzf6%2B%2FJrm%2Bs0oVMt%2FxzudII8kY23Oxf3lmhAk9Y%3D,98,427,30,26,0.13764045,0.6007505,0.042134833,0.037921347,mammo_37.jpg
38,38,/media/tohn/SSD/mammo_custom/train/Internal/mammo_38.jpg,mammo,https://irisprodseatraining.blob.core.windows.net:443/i-0d45dea24cd048b2b3eca5b1e84e19a2/i-e18d0742a5da464f959aa321a2a7089e?sv=2019-12-12&se=2021-05-08T06%3A52%3A18Z&sr=b&sp=r&sig=XSzlPPP0YAoFwJUU%2BnRX305U%2FD2yxEGNTpuW5y3wIBA%3D,481,441,35,35,0.6760168000000001,0.6195433000000001,0.050490882,0.050490882,mammo_38.jpg
39,39,/media/tohn/SSD/mammo_custom/train/Internal/mammo_39.jpg,mammo,https://irisprodseatraining.blob.core.windows.net:443/i-0d45dea24cd048b2b3eca5b1e84e19a2/i-e18d0742a5da464f959aa321a2a7089e?sv=2019-12-12&se=2021-05-08T06%3A52%3A18Z&sr=b&sp=r&sig=XSzlPPP0YAoFwJUU%2BnRX305U%2FD2yxEGNTpuW5y3wIBA%3D,487,501,28,28,0.6830295,0.70369476,0.039270688,0.039270688,mammo_39.jpg
40,40,/media/tohn/SSD/mammo_custom/train/Internal/mammo_40.jpg,mammo,https://irisprodseatraining.blob.core.windows.net:443/i-0d45dea24cd048b2b3eca5b1e84e19a2/i-e18d0742a5da464f959aa321a2a7089e?sv=2019-12-12&se=2021-05-08T06%3A52%3A18Z&sr=b&sp=r&sig=XSzlPPP0YAoFwJUU%2BnRX305U%2FD2yxEGNTpuW5y3wIBA%3D,540,481,41,35,0.75876576,0.6756443,0.057503507,0.050490882,mammo_40.jpg
41,41,/media/tohn/SSD/mammo_custom/train/Internal/mammo_41.jpg,mammo,https://irisprodseatraining.blob.core.windows.net:443/i-0d45dea24cd048b2b3eca5b1e84e19a2/i-7fb4a0419bbf45ad900128857efda376?sv=2019-12-12&se=2021-05-08T06%3A52%3A18Z&sr=b&sp=r&sig=%2B87ea0aLmAxC2sORbKInVd%2Fvr%2BDzZTo85KfTWR6%2BQu8%3D,516,470,35,31,0.72370267,0.6611438000000001,0.04908836,0.04494382,mammo_41.jpg
42,42,/media/tohn/SSD/mammo_custom/train/Internal/mammo_42.jpg,mammo,https://irisprodseatraining.blob.core.windows.net:443/i-0d45dea24cd048b2b3eca5b1e84e19a2/i-7fb4a0419bbf45ad900128857efda376?sv=2019-12-12&se=2021-05-08T06%3A52%3A18Z&sr=b&sp=r&sig=%2B87ea0aLmAxC2sORbKInVd%2Fvr%2BDzZTo85KfTWR6%2BQu8%3D,553,471,56,40,0.7755960999999999,0.6625483,0.078541376,0.056179777,mammo_42.jpg
43,43,/media/tohn/SSD/mammo_custom/train/Internal/mammo_43.jpg,mammo,https://irisprodseatraining.blob.core.windows.net:443/i-0d45dea24cd048b2b3eca5b1e84e19a2/i-d73957bf7b924cedb6af4ab8364a2d41?sv=2019-12-12&se=2021-05-08T06%3A52%3A18Z&sr=b&sp=r&sig=DjyT6eXI72ziZU%2B9PVbtWgR%2FG9v8fljk0mr0bwMIpdQ%3D,61,433,25,23,0.08695652,0.6091774999999999,0.036465637,0.033707865,mammo_43.jpg
44,44,/media/tohn/SSD/mammo_custom/train/Internal/mammo_44.jpg,mammo,https://irisprodseatraining.blob.core.windows.net:443/i-0d45dea24cd048b2b3eca5b1e84e19a2/i-90ef70a69ccb4e5b8eb684a05ee4776d?sv=2019-12-12&se=2021-05-08T06%3A52%3A18Z&sr=b&sp=r&sig=QP3T%2B0uL3V80Y9oqCBnMsOcJADPp%2FbqcP%2BVaxEnOLDs%3D,150,336,34,34,0.21207865,0.47294155,0.04775281,0.04775281,mammo_44.jpg
45,45,/media/tohn/SSD/mammo_custom/train/Internal/mammo_45.jpg,mammo,https://irisprodseatraining.blob.core.windows.net:443/i-0d45dea24cd048b2b3eca5b1e84e19a2/i-4d0bc24a4eaa40d4b0b1a62b63fbdb9b?sv=2019-12-12&se=2021-05-08T06%3A52%3A18Z&sr=b&sp=r&sig=pbxuCqF6WFI%2FVOtxZKQ%2BwX8MIi8OsVkneyxEd2j8kuo%3D,559,280,44,42,0.7851123999999999,0.39428985,0.061797753,0.058988765,mammo_45.jpg
46,46,/media/tohn/SSD/mammo_custom/train/Internal/mammo_46.jpg,mammo,https://irisprodseatraining.blob.core.windows.net:443/i-0d45dea24cd048b2b3eca5b1e84e19a2/i-4355f2fc47b84fc2aaee72c8b6289f34?sv=2019-12-12&se=2021-05-08T06%3A52%3A18Z&sr=b&sp=r&sig=QCbIAx6n7lsr6r0g2KIzJign7wVxMqejQxHZ9SrqUV4%3D,638,252,40,33,0.89606744,0.35496402,0.056179777,0.046348315,mammo_46.jpg
47,47,/media/tohn/SSD/mammo_custom/train/Internal/mammo_47.jpg,mammo,https://irisprodseatraining.blob.core.windows.net:443/i-0d45dea24cd048b2b3eca5b1e84e19a2/i-39713062fc944f06834749c712f3af36?sv=2019-12-12&se=2021-05-08T06%3A52%3A18Z&sr=b&sp=r&sig=5sXuwzNocs%2BC7vB%2BibwBpQiPv90ore4gPCeZcTwL59Q%3D,94,212,68,35,0.13183731,0.29878423,0.09677419,0.050561797,mammo_47.jpg
48,48,/media/tohn/SSD/mammo_custom/train/Internal/mammo_48.jpg,mammo,https://irisprodseatraining.blob.core.windows.net:443/i-0d45dea24cd048b2b3eca5b1e84e19a2/i-012de2128b214d3c8f4f091c7db34dea?sv=2019-12-12&se=2021-05-08T06%3A52%3A18Z&sr=b&sp=r&sig=nWTfHRcjtQCH1onz5LJyDgSDWTys97%2BDyXnNtCh5dlg%3D,147,392,46,35,0.20786516,0.55159324,0.066011235,0.050561797,mammo_48.jpg
49,49,/media/tohn/SSD/mammo_custom/train/Internal/mammo_49.jpg,mammo,https://irisprodseatraining.blob.core.windows.net:443/i-0d45dea24cd048b2b3eca5b1e84e19a2/i-673e57677f25463c88b4fdd753a8be1d?sv=2019-12-12&se=2021-05-08T06%3A52%3A18Z&sr=b&sp=r&sig=EwyaJZKiRIQGGdrVrqm4wD3uQCFNKDU7trOe3c%2BasH4%3D,495,461,41,37,0.6966292,0.64850336,0.05758427,0.053370785,mammo_49.jpg
50,50,/media/tohn/SSD/mammo_custom/train/Internal/mammo_50.jpg,mammo,https://irisprodseatraining.blob.core.windows.net:443/i-0d45dea24cd048b2b3eca5b1e84e19a2/i-1cc860eff11b4fb9936f06ad7f887ee1?sv=2019-12-12&se=2021-05-08T06%3A52%3A18Z&sr=b&sp=r&sig=uavUAlGJOkxi%2F1ItsHfgropnEb7HL%2BmOfNI4ZLXGe8M%3D,458,372,40,43,0.6446629,0.52350336,0.056179777,0.06039326,mammo_50.jpg
51,51,/media/tohn/SSD/mammo_custom/train/Internal/mammo_51.jpg,mammo,https://irisprodseatraining.blob.core.windows.net:443/i-0d45dea24cd048b2b3eca5b1e84e19a2/i-6c08d1c9cdde4277964a9123ee30dae4?sv=2019-12-12&se=2021-05-08T06%3A52%3A18Z&sr=b&sp=r&sig=j7%2FqNhvCE8usNHTcx8qbKamRjIsUS4EcO%2FdKDFkc%2FyA%3D,146,428,34,30,0.20646067,0.602155,0.04775281,0.042134833,mammo_51.jpg
52,52,/media/tohn/SSD/mammo_custom/train/Internal/mammo_52.jpg,mammo,https://irisprodseatraining.blob.core.windows.net:443/i-0d45dea24cd048b2b3eca5b1e84e19a2/i-6c08d1c9cdde4277964a9123ee30dae4?sv=2019-12-12&se=2021-05-08T06%3A52%3A18Z&sr=b&sp=r&sig=j7%2FqNhvCE8usNHTcx8qbKamRjIsUS4EcO%2FdKDFkc%2FyA%3D,16,525,41,33,0.023876404,0.738391,0.05758427,0.046348315,mammo_52.jpg
53,53,/media/tohn/SSD/mammo_custom/train/Internal/mammo_53.jpg,mammo,https://irisprodseatraining.blob.core.windows.net:443/i-0d45dea24cd048b2b3eca5b1e84e19a2/i-6c08d1c9cdde4277964a9123ee30dae4?sv=2019-12-12&se=2021-05-08T06%3A52%3A18Z&sr=b&sp=r&sig=j7%2FqNhvCE8usNHTcx8qbKamRjIsUS4EcO%2FdKDFkc%2FyA%3D,73,409,37,34,0.10393258,0.5754696,0.053370785,0.049157303,mammo_53.jpg
54,54,/media/tohn/SSD/mammo_custom/train/Internal/mammo_54.jpg,mammo,https://irisprodseatraining.blob.core.windows.net:443/i-0d45dea24cd048b2b3eca5b1e84e19a2/i-6c08d1c9cdde4277964a9123ee30dae4?sv=2019-12-12&se=2021-05-08T06%3A52%3A18Z&sr=b&sp=r&sig=j7%2FqNhvCE8usNHTcx8qbKamRjIsUS4EcO%2FdKDFkc%2FyA%3D,114,431,31,31,0.16011237,0.6063685000000001,0.043539327,0.043539327,mammo_54.jpg
55,55,/media/tohn/SSD/mammo_custom/train/Internal/mammo_55.jpg,mammo,https://irisprodseatraining.blob.core.windows.net:443/i-0d45dea24cd048b2b3eca5b1e84e19a2/i-0bf75ecfdd284dd5afc6d4c0d1eb3e22?sv=2019-12-12&se=2021-05-08T06%3A52%3A18Z&sr=b&sp=r&sig=c6TvG146W%2Fi%2FUg7B5amuyKiSCLA67kgqT1WAQ6qs67w%3D,143,363,28,25,0.2008427,0.5108629,0.039325844,0.03511236,mammo_55.jpg
56,56,/media/tohn/SSD/mammo_custom/train/Internal/mammo_56.jpg,mammo,https://irisprodseatraining.blob.core.windows.net:443/i-0d45dea24cd048b2b3eca5b1e84e19a2/i-0bf75ecfdd284dd5afc6d4c0d1eb3e22?sv=2019-12-12&se=2021-05-08T06%3A52%3A18Z&sr=b&sp=r&sig=c6TvG146W%2Fi%2FUg7B5amuyKiSCLA67kgqT1WAQ6qs67w%3D,168,394,31,29,0.23735955,0.55440223,0.04494382,0.04073034,mammo_56.jpg
57,57,/media/tohn/SSD/mammo_custom/train/Internal/mammo_57.jpg,mammo,https://irisprodseatraining.blob.core.windows.net:443/i-0d45dea24cd048b2b3eca5b1e84e19a2/i-0bf75ecfdd284dd5afc6d4c0d1eb3e22?sv=2019-12-12&se=2021-05-08T06%3A52%3A18Z&sr=b&sp=r&sig=c6TvG146W%2Fi%2FUg7B5amuyKiSCLA67kgqT1WAQ6qs67w%3D,110,310,48,50,0.15589887,0.43642467,0.06882022,0.07162921,mammo_57.jpg
58,58,/media/tohn/SSD/mammo_custom/train/Internal/mammo_58.jpg,mammo,https://irisprodseatraining.blob.core.windows.net:443/i-0d45dea24cd048b2b3eca5b1e84e19a2/i-0bf75ecfdd284dd5afc6d4c0d1eb3e22?sv=2019-12-12&se=2021-05-08T06%3A52%3A18Z&sr=b&sp=r&sig=c6TvG146W%2Fi%2FUg7B5amuyKiSCLA67kgqT1WAQ6qs67w%3D,98,365,30,29,0.13904494,0.5136719,0.042134833,0.04073034,mammo_58.jpg
59,59,/media/tohn/SSD/mammo_custom/train/Internal/mammo_59.jpg,mammo,https://irisprodseatraining.blob.core.windows.net:443/i-0d45dea24cd048b2b3eca5b1e84e19a2/i-0bf75ecfdd284dd5afc6d4c0d1eb3e22?sv=2019-12-12&se=2021-05-08T06%3A52%3A18Z&sr=b&sp=r&sig=c6TvG146W%2Fi%2FUg7B5amuyKiSCLA67kgqT1WAQ6qs67w%3D,132,390,25,22,0.18679775,0.54878426,0.036516852999999995,0.03230337,mammo_59.jpg
60,60,/media/tohn/SSD/mammo_custom/train/Internal/mammo_60.jpg,mammo,https://irisprodseatraining.blob.core.windows.net:443/i-0d45dea24cd048b2b3eca5b1e84e19a2/i-f53ee8920bb64f718224390ef8442afc?sv=2019-12-12&se=2021-05-08T06%3A52%3A18Z&sr=b&sp=r&sig=09%2FQ7OOt6YiARB0sTMz4YqQaPpJN1luYEu9lZH9%2BLxw%3D,652,474,37,33,0.91573036,0.6658265999999999,0.053370785,0.04628331,mammo_60.jpg
61,61,/media/tohn/SSD/mammo_custom/train/Internal/mammo_61.jpg,mammo,https://irisprodseatraining.blob.core.windows.net:443/i-0d45dea24cd048b2b3eca5b1e84e19a2/i-e5ce06d7d87b48fba5422ce49a390d7f?sv=2019-12-12&se=2021-05-08T06%3A52%3A18Z&sr=b&sp=r&sig=2C4%2BMbQ8b8%2Fg8ql6R8WIcssW4WsVNXOel2gUUNp1BqA%3D,524,405,34,28,0.7349229,0.56985164,0.047685835999999995,0.039325844,mammo_61.jpg
62,62,/media/tohn/SSD/mammo_custom/train/Internal/mammo_62.jpg,mammo,https://irisprodseatraining.blob.core.windows.net:443/i-0d45dea24cd048b2b3eca5b1e84e19a2/i-2492e639df14480aa7ca2bc481037461?sv=2019-12-12&se=2021-05-08T06%3A52%3A18Z&sr=b&sp=r&sig=D6CANI%2BXjPvthYWl%2FscLyx8WqwDkjvYviXDrrF3j%2Fc8%3D,581,491,41,33,0.81601125,0.6906382,0.05758427,0.046348315,mammo_62.jpg
63,63,/media/tohn/SSD/mammo_custom/train/Internal/mammo_63.jpg,mammo,https://irisprodseatraining.blob.core.windows.net:443/i-0d45dea24cd048b2b3eca5b1e84e19a2/i-a2478f6386934d0480128593b12f291f?sv=2019-12-12&se=2021-05-08T06%3A52%3A18Z&sr=b&sp=r&sig=91orhHPxhudo%2FHS8qCu4hEpWhgs9hcR014AlDpBX4Nk%3D,173,271,35,40,0.24438202,0.3816494,0.050561797,0.056179777,mammo_63.jpg
64,64,/media/tohn/SSD/mammo_custom/train/Internal/mammo_64.jpg,mammo,https://irisprodseatraining.blob.core.windows.net:443/i-0d45dea24cd048b2b3eca5b1e84e19a2/i-50a32141ac0540fba9eee75b56afdba7?sv=2019-12-12&se=2021-05-08T06%3A52%3A18Z&sr=b&sp=r&sig=eop2h%2F9fE6xQ7B7%2FElpTNe02%2F9VPkwpZQlOTc%2FLTfZ0%3D,314,222,54,44,0.44101125,0.31282917,0.07724719,0.061797753,mammo_64.jpg
65,65,/media/tohn/SSD/mammo_custom/train/Internal/mammo_65.jpg,mammo,https://irisprodseatraining.blob.core.windows.net:443/i-0d45dea24cd048b2b3eca5b1e84e19a2/i-47c0b8857968444a9c8735748e29ba4d?sv=2019-12-12&se=2021-05-08T06%3A52%3A18Z&sr=b&sp=r&sig=PuKKtW9TL0Lr0ASAx8toIuP2wYZPtt%2BFC0NQSS8qSEQ%3D,152,322,61,35,0.21488763,0.45327863,0.08567416,0.050561797,mammo_65.jpg
66,66,/media/tohn/SSD/mammo_custom/train/Internal/mammo_66.jpg,mammo,https://irisprodseatraining.blob.core.windows.net:443/i-0d45dea24cd048b2b3eca5b1e84e19a2/i-fe646b9a2e2948ad960df03b52411210?sv=2019-12-12&se=2021-05-08T06%3A52%3A18Z&sr=b&sp=r&sig=UcqUYJQcVeOSbJoJ8IeNsfafAIiLPGUQxlIXFMOMil8%3D,108,329,34,37,0.15308988,0.46311009999999997,0.049157303,0.053370785,mammo_66.jpg
67,67,/media/tohn/SSD/mammo_custom/train/Internal/mammo_67.jpg,mammo,https://irisprodseatraining.blob.core.windows.net:443/i-0d45dea24cd048b2b3eca5b1e84e19a2/i-de40b0e0261e45b78f885cd6f3ab136f?sv=2019-12-12&se=2021-05-08T06%3A52%3A18Z&sr=b&sp=r&sig=cYU8BpIxDtVuUaMuVU%2FUg6keipFLmTRU7TgJfsanqzM%3D,71,392,46,30,0.101123594,0.55159324,0.066011235,0.042134833,mammo_67.jpg
68,68,/media/tohn/SSD/mammo_custom/train/Internal/mammo_68.jpg,mammo,https://irisprodseatraining.blob.core.windows.net:443/i-0d45dea24cd048b2b3eca5b1e84e19a2/i-c18a32a666a44765b37806fe5c6b5bbc?sv=2019-12-12&se=2021-05-08T06%3A52%3A18Z&sr=b&sp=r&sig=DkSs2GOAtPQQLUHvkTRg40N8gd5GeYw6gxpCpBK8qQU%3D,123,313,32,42,0.17325526,0.44029608,0.045387994,0.060029282999999996,mammo_68.jpg
69,69,/media/tohn/SSD/mammo_custom/train/Internal/mammo_69.jpg,mammo,https://irisprodseatraining.blob.core.windows.net:443/i-0d45dea24cd048b2b3eca5b1e84e19a2/i-cb6806831aca48b6b9968d29be4285cd?sv=2019-12-12&se=2021-05-08T06%3A52%3A18Z&sr=b&sp=r&sig=brToT5j97p%2BMFjUG3anMK8IHBkbciLR9EPaIwIjf9NA%3D,156,316,39,31,0.22010739,0.44436312,0.055636898,0.043923866,mammo_69.jpg
70,70,/media/tohn/SSD/mammo_custom/train/Internal/mammo_70.jpg,mammo,https://irisprodseatraining.blob.core.windows.net:443/i-0d45dea24cd048b2b3eca5b1e84e19a2/i-93082aa09eed4641904eabfa11d4b155?sv=2019-12-12&se=2021-05-08T06%3A52%3A18Z&sr=b&sp=r&sig=ayF4RI2VTM1%2BojKSZYT1WSiqQmkU%2FBZpjXsqdzL%2BN9A%3D,132,277,69,57,0.18643242,0.39019033,0.09809663,0.08052709,mammo_70.jpg
71,71,/media/tohn/SSD/mammo_custom/train/Internal/mammo_71.jpg,mammo,https://irisprodseatraining.blob.core.windows.net:443/i-0d45dea24cd048b2b3eca5b1e84e19a2/i-738155e3d24347188f59b0f62c676e5e?sv=2019-12-12&se=2021-05-08T06%3A52%3A19Z&sr=b&sp=r&sig=VCewoPwT7B2eJcLOAsuCZwI6nOa%2BN8YHg2oEyK%2ByCRo%3D,158,295,87,64,0.22303565,0.41508052,0.12298682,0.09077599,mammo_71.jpg
72,72,/media/tohn/SSD/mammo_custom/train/Internal/mammo_72.jpg,mammo,https://irisprodseatraining.blob.core.windows.net:443/i-0d45dea24cd048b2b3eca5b1e84e19a2/i-9e574ca3505c491587cda3cd3e51e03e?sv=2019-12-12&se=2021-05-08T06%3A52%3A19Z&sr=b&sp=r&sig=WYrkW7aMCb2er%2BEhQRXc1PxcuinMHdUNkhyIgSvxnSM%3D,147,343,26,20,0.20693022,0.48194242,0.03660322,0.029282577,mammo_72.jpg
73,73,/media/tohn/SSD/mammo_custom/train/Internal/mammo_73.jpg,mammo,https://irisprodseatraining.blob.core.windows.net:443/i-0d45dea24cd048b2b3eca5b1e84e19a2/i-c8fbbe4ce65f44f5949a0cb1818c99db?sv=2019-12-12&se=2021-05-08T06%3A52%3A19Z&sr=b&sp=r&sig=ACuacsJ%2FOPHCo4qNMHhZS1mgfUtkxYLWhoh0409rxBQ%3D,26,374,22,22,0.037091278,0.52586627,0.032210834,0.032210834,mammo_73.jpg
74,74,/media/tohn/SSD/mammo_custom/train/Internal/mammo_74.jpg,mammo,https://irisprodseatraining.blob.core.windows.net:443/i-0d45dea24cd048b2b3eca5b1e84e19a2/i-c8fbbe4ce65f44f5949a0cb1818c99db?sv=2019-12-12&se=2021-05-08T06%3A52%3A19Z&sr=b&sp=r&sig=ACuacsJ%2FOPHCo4qNMHhZS1mgfUtkxYLWhoh0409rxBQ%3D,4,379,22,22,0.006344573,0.5331869,0.032210834,0.032210834,mammo_74.jpg
75,75,/media/tohn/SSD/mammo_custom/train/Internal/mammo_75.jpg,mammo,https://irisprodseatraining.blob.core.windows.net:443/i-0d45dea24cd048b2b3eca5b1e84e19a2/i-bfc4dc023fdb4df1ab23ab7230ba07ad?sv=2019-12-12&se=2021-05-08T06%3A52%3A19Z&sr=b&sp=r&sig=zDhO0gpqBRrdqIPKoVGHDNUp2QBNl5zwK5jtE04AqdU%3D,174,270,23,23,0.24499758,0.37994143,0.033674962999999995,0.033674962999999995,mammo_75.jpg
76,76,/media/tohn/SSD/mammo_custom/train/Internal/mammo_76.jpg,mammo,https://irisprodseatraining.blob.core.windows.net:443/i-0d45dea24cd048b2b3eca5b1e84e19a2/i-8df50a4e0deb432183770bafedb796f4?sv=2019-12-12&se=2021-05-08T06%3A52%3A38Z&sr=b&sp=r&sig=BC1JZbEczn0OHbYZj56KbEJmwEbDzrlwjptH5RetOe0%3D,292,298,22,28,0.41044414,0.41947290000000004,0.032210834,0.03953148,mammo_76.jpg
77,77,/media/tohn/SSD/mammo_custom/train/Internal/mammo_77.jpg,mammo,https://irisprodseatraining.blob.core.windows.net:443/i-0d45dea24cd048b2b3eca5b1e84e19a2/i-14a897ca9f474e4b91db5aa92fd9602a?sv=2019-12-12&se=2021-05-08T06%3A52%3A38Z&sr=b&sp=r&sig=0xnQlh3%2Fu5icFVcRughxQBey7T%2BG7gPbS3RY5jgupA0%3D,468,391,42,31,0.6578819,0.54978037,0.060029282999999996,0.043923866,mammo_77.jpg
78,78,/media/tohn/SSD/mammo_custom/train/Internal/mammo_78.jpg,mammo,https://irisprodseatraining.blob.core.windows.net:443/i-0d45dea24cd048b2b3eca5b1e84e19a2/i-f623851b0b0945ebb29e77afcb5fbd67?sv=2019-12-12&se=2021-05-08T06%3A52%3A38Z&sr=b&sp=r&sig=BaC1%2FznugI5o0PTvmK3%2FPKa%2FK9%2B1vGJRuhwWqMpC9zU%3D,453,386,39,34,0.6373840999999999,0.5424597,0.055636898,0.04831625,mammo_78.jpg
79,79,/media/tohn/SSD/mammo_custom/train/Internal/mammo_79.jpg,mammo,https://irisprodseatraining.blob.core.windows.net:443/i-0d45dea24cd048b2b3eca5b1e84e19a2/i-992559672787457683366b4a67356d23?sv=2019-12-12&se=2021-05-08T06%3A52%3A38Z&sr=b&sp=r&sig=OzdaKtgUy5Gh9SgUsO0wU4KRXRh8HeciEQWf7QsGVNo%3D,62,391,52,26,0.08846531,0.5492923000000001,0.07331378,0.03660322,mammo_79.jpg
80,80,/media/tohn/SSD/mammo_custom/train/Internal/mammo_80.jpg,mammo,https://irisprodseatraining.blob.core.windows.net:443/i-0d45dea24cd048b2b3eca5b1e84e19a2/i-992559672787457683366b4a67356d23?sv=2019-12-12&se=2021-05-08T06%3A52%3A38Z&sr=b&sp=r&sig=OzdaKtgUy5Gh9SgUsO0wU4KRXRh8HeciEQWf7QsGVNo%3D,48,428,58,32,0.067937456,0.6005368000000001,0.08211144,0.045387994,mammo_80.jpg
81,81,/media/tohn/SSD/mammo_custom/train/Internal/mammo_81.jpg,mammo,https://irisprodseatraining.blob.core.windows.net:443/i-0d45dea24cd048b2b3eca5b1e84e19a2/i-eda7683afb2846acb015e9408c89d75b?sv=2019-12-12&se=2021-05-08T06%3A52%3A38Z&sr=b&sp=r&sig=KP17Ty%2FXxepMeUWtxtPL1hCcFknuAx5kzmtvlQfU1fM%3D,51,290,41,41,0.07223037,0.40775988,0.058565155,0.058565155,mammo_81.jpg
82,82,/media/tohn/SSD/mammo_custom/train/Internal/mammo_82.jpg,mammo,https://irisprodseatraining.blob.core.windows.net:443/i-0d45dea24cd048b2b3eca5b1e84e19a2/i-376e74fce666437ea919e0f7d90b7ebb?sv=2019-12-12&se=2021-05-08T06%3A52%3A38Z&sr=b&sp=r&sig=vMRX9QYD0Yxv0gDMw1f5TcxoXAke99%2B6AoPn9sTss40%3D,14,260,38,32,0.020985862,0.36530015,0.054172765,0.045387994,mammo_82.jpg
83,83,/media/tohn/SSD/mammo_custom/train/Internal/mammo_83.jpg,mammo,https://irisprodseatraining.blob.core.windows.net:443/i-0d45dea24cd048b2b3eca5b1e84e19a2/i-1f29166ea01f4d64844b903f9b15864f?sv=2019-12-12&se=2021-05-08T06%3A52%3A38Z&sr=b&sp=r&sig=wFllsE0GvadlKQonRLzCObr%2FkHwxSxZb8BwcpN8HWGo%3D,547,409,53,39,0.7691557,0.57467055,0.07467057,0.055636898,mammo_83.jpg
84,84,/media/tohn/SSD/mammo_custom/train/Internal/mammo_84.jpg,mammo,https://irisprodseatraining.blob.core.windows.net:443/i-0d45dea24cd048b2b3eca5b1e84e19a2/i-1e3710c44e8749bfa2f67959be5c23fc?sv=2019-12-12&se=2021-05-08T06%3A52%3A38Z&sr=b&sp=r&sig=SIdPUNOiuHQ3bAOar6GsebcNJ5kJ%2B5tQZtK9EoV4caM%3D,450,362,69,48,0.63299173,0.5087848,0.09809663,0.068814054,mammo_84.jpg
85,85,/media/tohn/SSD/mammo_custom/train/Internal/mammo_85.jpg,mammo,https://irisprodseatraining.blob.core.windows.net:443/i-0d45dea24cd048b2b3eca5b1e84e19a2/i-1e3710c44e8749bfa2f67959be5c23fc?sv=2019-12-12&se=2021-05-08T06%3A52%3A38Z&sr=b&sp=r&sig=SIdPUNOiuHQ3bAOar6GsebcNJ5kJ%2B5tQZtK9EoV4caM%3D,386,346,61,43,0.5422157,0.48682284,0.0863836,0.06149341,mammo_85.jpg
86,86,/media/tohn/SSD/mammo_custom/train/Internal/mammo_86.jpg,mammo,https://irisprodseatraining.blob.core.windows.net:443/i-0d45dea24cd048b2b3eca5b1e84e19a2/i-1e3710c44e8749bfa2f67959be5c23fc?sv=2019-12-12&se=2021-05-08T06%3A52%3A38Z&sr=b&sp=r&sig=SIdPUNOiuHQ3bAOar6GsebcNJ5kJ%2B5tQZtK9EoV4caM%3D,450,319,48,39,0.63299173,0.44875550000000003,0.068814054,0.055636898,mammo_86.jpg
87,87,/media/tohn/SSD/mammo_custom/train/Internal/mammo_87.jpg,mammo,https://irisprodseatraining.blob.core.windows.net:443/i-0d45dea24cd048b2b3eca5b1e84e19a2/i-34dc9602157e42a1a54506ac397e87b3?sv=2019-12-12&se=2021-05-08T06%3A52%3A38Z&sr=b&sp=r&sig=gl8pPp2ZInU6Z6dfw1VXT5FR8OTgBxTfEkal1H41AOw%3D,526,414,36,33,0.7398731,0.58150315,0.05124451,0.046852122999999996,mammo_87.jpg
88,88,/media/tohn/SSD/mammo_custom/train/Internal/mammo_88.jpg,mammo,https://irisprodseatraining.blob.core.windows.net:443/i-0d45dea24cd048b2b3eca5b1e84e19a2/i-42453503c2484581b0dfadafdcd5c0d7?sv=2019-12-12&se=2021-05-08T06%3A52%3A38Z&sr=b&sp=r&sig=Cwno5LtwdtILcW8fC%2F85I1QMXEFv79JuyPktB6JkMho%3D,476,361,47,34,0.66959494,0.50732064,0.06734992599999999,0.04831625,mammo_88.jpg
89,89,/media/tohn/SSD/mammo_custom/train/Internal/mammo_89.jpg,mammo,https://irisprodseatraining.blob.core.windows.net:443/i-0d45dea24cd048b2b3eca5b1e84e19a2/i-6c98d467c5e949f4b2dbbbc8f8733485?sv=2019-12-12&se=2021-05-08T06%3A52%3A38Z&sr=b&sp=r&sig=ts70O09tMtj9%2B1uOq0%2FteycWD9vKswl2oorTBSRN2WU%3D,494,442,29,30,0.6944851,0.62152267,0.04099561,0.042459738,mammo_89.jpg
90,90,/media/tohn/SSD/mammo_custom/train/Internal/mammo_90.jpg,mammo,https://irisprodseatraining.blob.core.windows.net:443/i-0d45dea24cd048b2b3eca5b1e84e19a2/i-370b867ff1c64bed8e54779bba5a9575?sv=2019-12-12&se=2021-05-08T06%3A52%3A38Z&sr=b&sp=r&sig=57MaO4hv%2BO35aW22GZOQbHCFQCFAjME9TLs%2FQXO%2Ffxk%3D,558,366,28,28,0.78379697,0.5146413,0.03953148,0.03953148,mammo_90.jpg
91,91,/media/tohn/SSD/mammo_custom/train/Internal/mammo_91.jpg,mammo,https://irisprodseatraining.blob.core.windows.net:443/i-0d45dea24cd048b2b3eca5b1e84e19a2/i-aca6d1efbf3241c39ad794f0e2a756c7?sv=2019-12-12&se=2021-05-08T06%3A52%3A38Z&sr=b&sp=r&sig=%2F3Clo%2BKmrBqHPXiwXq3nYvR4pTSR8EHOPpTKkv%2FV%2BpU%3D,627,467,36,24,0.8817204,0.6551977,0.051319647999999995,0.033674962999999995,mammo_91.jpg
92,92,/media/tohn/SSD/mammo_custom/train/Internal/mammo_92.jpg,mammo,https://irisprodseatraining.blob.core.windows.net:443/i-0d45dea24cd048b2b3eca5b1e84e19a2/i-126bb0311bbf419586e0d0f580bd8e09?sv=2019-12-12&se=2021-05-08T06%3A52%3A38Z&sr=b&sp=r&sig=ltygDWSoRviMIt5UkQSmDATasrekDmT0Cg9tpzzqSTs%3D,648,437,39,29,0.9111761999999999,0.614202,0.055636898,0.04099561,mammo_92.jpg
93,93,/media/tohn/SSD/mammo_custom/train/Internal/mammo_93.jpg,mammo,https://irisprodseatraining.blob.core.windows.net:443/i-0d45dea24cd048b2b3eca5b1e84e19a2/i-126bb0311bbf419586e0d0f580bd8e09?sv=2019-12-12&se=2021-05-08T06%3A52%3A38Z&sr=b&sp=r&sig=ltygDWSoRviMIt5UkQSmDATasrekDmT0Cg9tpzzqSTs%3D,664,224,39,38,0.93313813,0.31551978,0.055636898,0.054172765,mammo_93.jpg
94,94,/media/tohn/SSD/mammo_custom/train/Internal/mammo_94.jpg,mammo,https://irisprodseatraining.blob.core.windows.net:443/i-0d45dea24cd048b2b3eca5b1e84e19a2/i-6017fac1432d4049bd7e90a44315ad63?sv=2019-12-12&se=2021-05-08T06%3A52%3A38Z&sr=b&sp=r&sig=4rYVJawDH%2Fj6fQgrly8ZE0O97s%2BbBW6w9lDswsmXB24%3D,591,481,18,22,0.83064914,0.67585814,0.026354317999999998,0.032210834,mammo_94.jpg
95,95,/media/tohn/SSD/mammo_custom/train/Internal/mammo_95.jpg,mammo,https://irisprodseatraining.blob.core.windows.net:443/i-0d45dea24cd048b2b3eca5b1e84e19a2/i-6017fac1432d4049bd7e90a44315ad63?sv=2019-12-12&se=2021-05-08T06%3A52%3A38Z&sr=b&sp=r&sig=4rYVJawDH%2Fj6fQgrly8ZE0O97s%2BbBW6w9lDswsmXB24%3D,570,472,19,22,0.8013665,0.6641451,0.027818449,0.032210834,mammo_95.jpg
96,96,/media/tohn/SSD/mammo_custom/train/Internal/mammo_96.jpg,mammo,https://irisprodseatraining.blob.core.windows.net:443/i-0d45dea24cd048b2b3eca5b1e84e19a2/i-0fab5788e5ab47d2a57bcd87aa1f14ea?sv=2019-12-12&se=2021-05-08T06%3A52%3A38Z&sr=b&sp=r&sig=WodhWdujILQhewsEZbCA%2FSKLug%2F5mxvCTsJzHYfPbkk%3D,598,515,39,30,0.84089804,0.7240116999999999,0.055636898,0.042459738,mammo_96.jpg
97,97,/media/tohn/SSD/mammo_custom/train/Internal/mammo_97.jpg,mammo,https://irisprodseatraining.blob.core.windows.net:443/i-0d45dea24cd048b2b3eca5b1e84e19a2/i-0fab5788e5ab47d2a57bcd87aa1f14ea?sv=2019-12-12&se=2021-05-08T06%3A52%3A38Z&sr=b&sp=r&sig=WodhWdujILQhewsEZbCA%2FSKLug%2F5mxvCTsJzHYfPbkk%3D,592,283,57,52,0.83211327,0.39751098,0.08052709,0.07320644,mammo_97.jpg
98,98,/media/tohn/SSD/mammo_custom/train/Internal/mammo_98.jpg,mammo,https://irisprodseatraining.blob.core.windows.net:443/i-0d45dea24cd048b2b3eca5b1e84e19a2/i-a5e6ecd4849f46c39822c30be5ea2179?sv=2019-12-12&se=2021-05-08T06%3A52%3A38Z&sr=b&sp=r&sig=eRnz%2BWxsrkpaD%2BG1Gp04UJGvPqx68bqvIjFZQDqfl2g%3D,129,439,27,22,0.18204004,0.6171303000000001,0.03806735,0.032210834,mammo_98.jpg
99,99,/media/tohn/SSD/mammo_custom/train/Internal/mammo_99.jpg,mammo,https://irisprodseatraining.blob.core.windows.net:443/i-0d45dea24cd048b2b3eca5b1e84e19a2/i-8ce8f3733f274245a0456a9811ac46b9?sv=2019-12-12&se=2021-05-08T06%3A52%3A38Z&sr=b&sp=r&sig=Ued%2BzFmpXMzYTJkL1Hlz9MR67lqGLm0OeDfL4ORFvPQ%3D,67,317,31,30,0.095168374,0.44582725,0.043923866,0.042459738,mammo_99.jpg
100,100,/media/tohn/SSD/mammo_custom/train/Internal/mammo_100.jpg,mammo,https://irisprodseatraining.blob.core.windows.net:443/i-0d45dea24cd048b2b3eca5b1e84e19a2/i-8ce8f3733f274245a0456a9811ac46b9?sv=2019-12-12&se=2021-05-08T06%3A52%3A38Z&sr=b&sp=r&sig=Ued%2BzFmpXMzYTJkL1Hlz9MR67lqGLm0OeDfL4ORFvPQ%3D,113,328,29,31,0.16007811,0.46193266,0.04099561,0.043923866,mammo_100.jpg
101,101,/media/tohn/SSD/mammo_custom/train/Internal/mammo_101.jpg,mammo,https://irisprodseatraining.blob.core.windows.net:443/i-0d45dea24cd048b2b3eca5b1e84e19a2/i-7d0e0a550e1541589273374e803e4305?sv=2019-12-12&se=2021-05-08T06%3A52%3A38Z&sr=b&sp=r&sig=pK8DFJK7y1hqiM%2BkjRTUVyUc4vSAOUBxVERV7v2avFo%3D,348,451,41,37,0.48950708,0.6346999,0.058565155,0.052708637,mammo_101.jpg
102,102,/media/tohn/SSD/mammo_custom/train/Internal/mammo_102.jpg,mammo,https://irisprodseatraining.blob.core.windows.net:443/i-0d45dea24cd048b2b3eca5b1e84e19a2/i-64bbc66b65ca44ccb1ef4060314775d3?sv=2019-12-12&se=2021-05-08T06%3A52%3A38Z&sr=b&sp=r&sig=%2B4jXJgPaM9tfj0plGbzrbtLqHXjnl6RPrfHiHZQysM4%3D,316,268,51,33,0.4441191,0.37701318,0.07174231,0.046852122999999996,mammo_102.jpg
103,103,/media/tohn/SSD/mammo_custom/train/Internal/mammo_103.jpg,mammo,https://irisprodseatraining.blob.core.windows.net:443/i-0d45dea24cd048b2b3eca5b1e84e19a2/i-faa9cba6ed2f4037b79fdd0353415fc8?sv=2019-12-12&se=2021-05-08T06%3A52%3A38Z&sr=b&sp=r&sig=UvD6KPeLey5VRmGi3lINq9iA0Ag59ffdD1jEAws7%2Bew%3D,74,269,30,32,0.1044412,0.37847729999999996,0.042459738,0.045387994,mammo_103.jpg
104,104,/media/tohn/SSD/mammo_custom/train/Internal/mammo_104.jpg,mammo,https://irisprodseatraining.blob.core.windows.net:443/i-0d45dea24cd048b2b3eca5b1e84e19a2/i-e59a779e244c47b29332f5b80c55fd96?sv=2019-12-12&se=2021-05-08T06%3A52%3A38Z&sr=b&sp=r&sig=dKBPbwGUrFrQEb0PIIR5kB84pMof4qL65a2WeWZrOIc%3D,55,327,41,34,0.07808688,0.46046853,0.058565155,0.04831625,mammo_104.jpg
105,105,/media/tohn/SSD/mammo_custom/train/Internal/mammo_105.jpg,mammo,https://irisprodseatraining.blob.core.windows.net:443/i-0d45dea24cd048b2b3eca5b1e84e19a2/i-2e39406e670f48968b8c141124e443f6?sv=2019-12-12&se=2021-05-08T06%3A52%3A38Z&sr=b&sp=r&sig=SxyhHl9BeNmIhx5Hen34ACY%2F1rN%2BPpeNTY9LYNXhACk%3D,9,347,35,43,0.013665217,0.48779893,0.04978038,0.06149341,mammo_105.jpg
106,106,/media/tohn/SSD/mammo_custom/train/Internal/mammo_106.jpg,mammo,https://irisprodseatraining.blob.core.windows.net:443/i-0d45dea24cd048b2b3eca5b1e84e19a2/i-c0227b9e561f4a6da1afec1c37a061c4?sv=2019-12-12&se=2021-05-08T06%3A52%3A38Z&sr=b&sp=r&sig=ltEMvulBTlVSSeUwiKsufXX5fXDAPQRq9MxIXWY8kTQ%3D,59,341,33,28,0.083943404,0.4795022,0.046852122999999996,0.03953148,mammo_106.jpg
107,107,/media/tohn/SSD/mammo_custom/train/Internal/mammo_107.jpg,mammo,https://irisprodseatraining.blob.core.windows.net:443/i-0d45dea24cd048b2b3eca5b1e84e19a2/i-210b1e1a4be74e8e800fcf6aa55c1deb?sv=2019-12-12&se=2021-05-08T06%3A52%3A38Z&sr=b&sp=r&sig=Zm0m8k4aFZhPpfb6UwPUcytETqoE3Zvul6WWDQTOn4w%3D,191,425,26,27,0.26881722,0.5966325,0.03665689,0.03806735,mammo_107.jpg
108,108,/media/tohn/SSD/mammo_custom/train/Internal/mammo_108.jpg,mammo,https://irisprodseatraining.blob.core.windows.net:443/i-0d45dea24cd048b2b3eca5b1e84e19a2/i-c8db3fd20e3441edba8a8b88ba4ba1ca?sv=2019-12-12&se=2021-05-08T06%3A52%3A38Z&sr=b&sp=r&sig=ZSB8azGSi4EjwyUcrQMXc3Y83vh5GCWeR2GcnFAMMx0%3D,599,370,20,23,0.84236217,0.5204978,0.029282577,0.033674962999999995,mammo_108.jpg
109,109,/media/tohn/SSD/mammo_custom/train/Internal/mammo_109.jpg,mammo,https://irisprodseatraining.blob.core.windows.net:443/i-0d45dea24cd048b2b3eca5b1e84e19a2/i-1fd9fae02ad04dc197c4edbd4b2d0c97?sv=2019-12-12&se=2021-05-08T06%3A52%3A38Z&sr=b&sp=r&sig=Bnrv7L0yj3aYz4I18OPGobG3ZFnros3PpBA1lk8j7x0%3D,642,308,29,21,0.90239143,0.43265006,0.04099561,0.030746706000000002,mammo_109.jpg
110,110,/media/tohn/SSD/mammo_custom/train/Internal/mammo_110.jpg,mammo,https://irisprodseatraining.blob.core.windows.net:443/i-0d45dea24cd048b2b3eca5b1e84e19a2/i-8cbebef6ccd04207906d9755505fcec7?sv=2019-12-12&se=2021-05-08T06%3A52%3A38Z&sr=b&sp=r&sig=0XsSD7h1uKJPNEXxeIiduJW7TrRFw0rjXS2fU1SzUFU%3D,89,338,32,26,0.12640314,0.47510982,0.045387994,0.03660322,mammo_110.jpg
111,111,/media/tohn/SSD/mammo_custom/train/Internal/mammo_111.jpg,mammo,https://irisprodseatraining.blob.core.windows.net:443/i-0d45dea24cd048b2b3eca5b1e84e19a2/i-92d5fb125c6942f79e3d3758a9402af5?sv=2019-12-12&se=2021-05-08T06%3A52%3A38Z&sr=b&sp=r&sig=R81R6BljLK2wMvRcRRVu902Ti16KtqETtHVEnrG53cc%3D,58,374,27,25,0.08247927599999999,0.5263543,0.03806735,0.03513909,mammo_111.jpg
112,112,/media/tohn/SSD/mammo_custom/train/Internal/mammo_112.jpg,mammo,https://irisprodseatraining.blob.core.windows.net:443/i-0d45dea24cd048b2b3eca5b1e84e19a2/i-c7e875aabe7548f4bbcd104f8cedb9d9?sv=2019-12-12&se=2021-05-08T06%3A52%3A38Z&sr=b&sp=r&sig=JzvLkvwKnM6I%2FGmNnipPwtb086%2FeljAcHmC0vZZ6mRU%3D,545,319,26,25,0.7662274,0.44875550000000003,0.03660322,0.03513909,mammo_112.jpg
113,113,/media/tohn/SSD/mammo_custom/train/Internal/mammo_113.jpg,mammo,https://irisprodseatraining.blob.core.windows.net:443/i-0d45dea24cd048b2b3eca5b1e84e19a2/i-7efd45814361449383671ef98a75188a?sv=2019-12-12&se=2021-05-08T06%3A52%3A38Z&sr=b&sp=r&sig=CXiFvr0AEboU3fNbjojdBZNEBjEb7kjGyjWObOttng4%3D,563,349,31,29,0.7911176,0.49121523,0.043923866,0.04099561,mammo_113.jpg
114,114,/media/tohn/SSD/mammo_custom/train/Internal/mammo_114.jpg,mammo,https://irisprodseatraining.blob.core.windows.net:443/i-0d45dea24cd048b2b3eca5b1e84e19a2/i-d2b3e6f9eac64c68be3399d4c34b9c70?sv=2019-12-12&se=2021-05-08T06%3A52%3A38Z&sr=b&sp=r&sig=gKvzKmvhD3hH%2BwP2hn6ss7COC5GOZ4bOeb%2FWRSJ%2FgsU%3D,501,271,38,38,0.704734,0.38140556,0.054172765,0.054172765,mammo_114.jpg
115,115,/media/tohn/SSD/mammo_custom/train/Internal/mammo_115.jpg,mammo,https://irisprodseatraining.blob.core.windows.net:443/i-0d45dea24cd048b2b3eca5b1e84e19a2/i-118431d9c45f4a6299e9c02f8e15566f?sv=2019-12-12&se=2021-05-08T06%3A52%3A38Z&sr=b&sp=r&sig=KPD9ww81Xbwc3WeHBB6Pe9GnWDAzEoOxzVl8wknRAV8%3D,113,437,26,25,0.16007811,0.614202,0.03660322,0.03513909,mammo_115.jpg
116,116,/media/tohn/SSD/mammo_custom/train/Internal/mammo_116.jpg,mammo,https://irisprodseatraining.blob.core.windows.net:443/i-0d45dea24cd048b2b3eca5b1e84e19a2/i-118431d9c45f4a6299e9c02f8e15566f?sv=2019-12-12&se=2021-05-08T06%3A52%3A38Z&sr=b&sp=r&sig=KPD9ww81Xbwc3WeHBB6Pe9GnWDAzEoOxzVl8wknRAV8%3D,151,439,27,27,0.21278673,0.6171303000000001,0.03806735,0.03806735,mammo_116.jpg
117,117,/media/tohn/SSD/mammo_custom/train/Internal/mammo_117.jpg,mammo,https://irisprodseatraining.blob.core.windows.net:443/i-0d45dea24cd048b2b3eca5b1e84e19a2/i-5bb515f40eb64e519fe8c5baec46d0db?sv=2019-12-12&se=2021-05-08T06%3A52%3A38Z&sr=b&sp=r&sig=PdhhRJm%2B%2BlXLETpXnx0Li8ppAaHjKZJR2bURTqKjktE%3D,102,318,54,34,0.14397268,0.44729137,0.0761347,0.04831625,mammo_117.jpg
118,118,/media/tohn/SSD/mammo_custom/train/Internal/mammo_118.jpg,mammo,https://irisprodseatraining.blob.core.windows.net:443/i-0d45dea24cd048b2b3eca5b1e84e19a2/i-52491c458d604e87bc1219946f6e1382?sv=2019-12-12&se=2021-05-08T06%3A52%3A39Z&sr=b&sp=r&sig=2Ga%2F9rxayVtNalkAHA6pAdXmrI%2FCUay71Mt1aGDuN1k%3D,98,332,55,34,0.13811617,0.46632504,0.077598825,0.04831625,mammo_118.jpg
119,119,/media/tohn/SSD/mammo_custom/train/Internal/mammo_119.jpg,mammo,https://irisprodseatraining.blob.core.windows.net:443/i-0d45dea24cd048b2b3eca5b1e84e19a2/i-2d157335dd7c46e78a0c1263a10f40eb?sv=2019-12-12&se=2021-05-08T06%3A52%3A39Z&sr=b&sp=r&sig=UThwT%2FEKpwoepteMP7EGNepw5OYP4h2w%2BQf6HQM48VA%3D,113,403,64,44,0.16007811,0.5673499,0.09077599,0.06295754,mammo_119.jpg
120,120,/media/tohn/SSD/mammo_custom/train/Internal/mammo_120.jpg,mammo,https://irisprodseatraining.blob.core.windows.net:443/i-0d45dea24cd048b2b3eca5b1e84e19a2/i-90557261f4fd428f9db34b96413b4e82?sv=2019-12-12&se=2021-05-08T06%3A52%3A39Z&sr=b&sp=r&sig=q%2Fl9xdfzh7sBPsN1mFLTZm%2FKdmFcd18lUuCaTffHpcE%3D,146,344,32,23,0.20546609,0.4838946,0.045387994,0.033674962999999995,mammo_120.jpg
121,121,/media/tohn/SSD/mammo_custom/train/Internal/mammo_121.jpg,mammo,https://irisprodseatraining.blob.core.windows.net:443/i-0d45dea24cd048b2b3eca5b1e84e19a2/i-90557261f4fd428f9db34b96413b4e82?sv=2019-12-12&se=2021-05-08T06%3A52%3A39Z&sr=b&sp=r&sig=q%2Fl9xdfzh7sBPsN1mFLTZm%2FKdmFcd18lUuCaTffHpcE%3D,121,318,43,28,0.17032701,0.44729137,0.06149341,0.03953148,mammo_121.jpg
122,122,/media/tohn/SSD/mammo_custom/train/Internal/mammo_122.jpg,mammo,https://irisprodseatraining.blob.core.windows.net:443/i-0d45dea24cd048b2b3eca5b1e84e19a2/i-90557261f4fd428f9db34b96413b4e82?sv=2019-12-12&se=2021-05-08T06%3A52%3A39Z&sr=b&sp=r&sig=q%2Fl9xdfzh7sBPsN1mFLTZm%2FKdmFcd18lUuCaTffHpcE%3D,177,338,34,36,0.24938996,0.47510982,0.04831625,0.05124451,mammo_122.jpg
123,123,/media/tohn/SSD/mammo_custom/train/Internal/mammo_123.jpg,mammo,https://irisprodseatraining.blob.core.windows.net:443/i-0d45dea24cd048b2b3eca5b1e84e19a2/i-90557261f4fd428f9db34b96413b4e82?sv=2019-12-12&se=2021-05-08T06%3A52%3A39Z&sr=b&sp=r&sig=q%2Fl9xdfzh7sBPsN1mFLTZm%2FKdmFcd18lUuCaTffHpcE%3D,166,302,42,34,0.23328455,0.42484137,0.060029282999999996,0.04831625,mammo_123.jpg
0,0,/media/tohn/SSD/mammo_custom/train/External/mammo_124.jpg,mammo,https://irisprodseatraining.blob.core.windows.net:443/i-8c74b0cb460b431d9701a0f47b8cf612/i-3d172f166ca14e438f475223ff7aaf30?sv=2019-12-12&se=2021-05-08T06%3A53%3A04Z&sr=b&sp=r&sig=TP%2BWRfPyBmPBmOuReAY0EJSXUTETu2kGU0wSaOHyu6g%3D,189,287,37,40,0.37549406,0.5675234,0.07312253,0.078895465,mammo_124.jpg
1,1,/media/tohn/SSD/mammo_custom/train/External/mammo_125.jpg,mammo,https://irisprodseatraining.blob.core.windows.net:443/i-8c74b0cb460b431d9701a0f47b8cf612/i-c1559604d73c46f9894914b8579fe820?sv=2019-12-12&se=2021-05-08T06%3A53%3A04Z&sr=b&sp=r&sig=Kb62IsRLmOBvq%2Bb5Ep0x95ChrOKc8nm0GldTO3y4TcI%3D,214,365,31,34,0.30196628,0.5136719,0.043539327,0.049157303,mammo_125.jpg
2,2,/media/tohn/SSD/mammo_custom/train/External/mammo_126.jpg,mammo,https://irisprodseatraining.blob.core.windows.net:443/i-8c74b0cb460b431d9701a0f47b8cf612/i-c99ea511d41f42f3a0ea5fe995ccb552?sv=2019-12-12&se=2021-05-08T06%3A53%3A04Z&sr=b&sp=r&sig=1Lh0kO5RlypUQG0%2FCv1OzqAXlYVmAmzFQJXytIVS%2B9c%3D,358,323,26,25,0.5028090000000001,0.45468313,0.037921347,0.036516852999999995,mammo_126.jpg
3,3,/media/tohn/SSD/mammo_custom/train/External/mammo_127.jpg,mammo,https://irisprodseatraining.blob.core.windows.net:443/i-8c74b0cb460b431d9701a0f47b8cf612/i-c99ea511d41f42f3a0ea5fe995ccb552?sv=2019-12-12&se=2021-05-08T06%3A53%3A04Z&sr=b&sp=r&sig=1Lh0kO5RlypUQG0%2FCv1OzqAXlYVmAmzFQJXytIVS%2B9c%3D,331,403,31,22,0.46488765,0.56704265,0.04494382,0.03230337,mammo_127.jpg
4,4,/media/tohn/SSD/mammo_custom/train/External/mammo_128.jpg,mammo,https://irisprodseatraining.blob.core.windows.net:443/i-8c74b0cb460b431d9701a0f47b8cf612/i-c99ea511d41f42f3a0ea5fe995ccb552?sv=2019-12-12&se=2021-05-08T06%3A53%3A04Z&sr=b&sp=r&sig=1Lh0kO5RlypUQG0%2FCv1OzqAXlYVmAmzFQJXytIVS%2B9c%3D,406,339,25,22,0.5716292,0.47715503,0.036516852999999995,0.03230337,mammo_128.jpg
5,5,/media/tohn/SSD/mammo_custom/train/External/mammo_129.jpg,mammo,https://irisprodseatraining.blob.core.windows.net:443/i-8c74b0cb460b431d9701a0f47b8cf612/i-92d1688d7dae4c25aa566f44e9164bdc?sv=2019-12-12&se=2021-05-08T06%3A53%3A04Z&sr=b&sp=r&sig=%2F7RLaQmWMgGVfz6AD8JE3eklfdf0%2FggbERblAaYk1Z4%3D,401,417,37,34,0.56320226,0.58670557,0.053370785,0.049157303,mammo_129.jpg
6,6,/media/tohn/SSD/mammo_custom/train/External/mammo_130.jpg,mammo,https://irisprodseatraining.blob.core.windows.net:443/i-8c74b0cb460b431d9701a0f47b8cf612/i-8526e9f8fb934e2d8b5621a7ae8ee722?sv=2019-12-12&se=2021-05-08T06%3A53%3A04Z&sr=b&sp=r&sig=7JA%2BVgPh72KA1GJS6vSqrcfxKlceUPL2nrWeICq2riI%3D,205,564,30,26,0.28932583,0.7931663000000001,0.042134833,0.037921347,mammo_130.jpg
7,7,/media/tohn/SSD/mammo_custom/train/External/mammo_131.jpg,mammo,https://irisprodseatraining.blob.core.windows.net:443/i-8c74b0cb460b431d9701a0f47b8cf612/i-7707b686bf6f406a968f281d1dbe1697?sv=2019-12-12&se=2021-05-08T06%3A53%3A04Z&sr=b&sp=r&sig=kLEQeul%2Fh49j%2BXvRH8ib1MFeR8eCGuBWqmHBAK%2BUp2g%3D,375,627,31,22,0.5266854000000001,0.8816494,0.04494382,0.03230337,mammo_131.jpg
8,8,/media/tohn/SSD/mammo_custom/train/External/mammo_132.jpg,mammo,https://irisprodseatraining.blob.core.windows.net:443/i-8c74b0cb460b431d9701a0f47b8cf612/i-7707b686bf6f406a968f281d1dbe1697?sv=2019-12-12&se=2021-05-08T06%3A53%3A04Z&sr=b&sp=r&sig=kLEQeul%2Fh49j%2BXvRH8ib1MFeR8eCGuBWqmHBAK%2BUp2g%3D,341,619,43,30,0.4789326,0.8704134,0.06039326,0.042134833,mammo_132.jpg
9,9,/media/tohn/SSD/mammo_custom/train/External/mammo_133.jpg,mammo,https://irisprodseatraining.blob.core.windows.net:443/i-8c74b0cb460b431d9701a0f47b8cf612/i-65d3623b9e8c4fff8e0f6248fd3fac9b?sv=2019-12-12&se=2021-05-08T06%3A53%3A04Z&sr=b&sp=r&sig=SGBn5iPIPyoDLqaTqsJwtmgBN%2Fk8UjKas%2Fm2vq0mQAQ%3D,238,349,28,26,0.33426967,0.49119997,0.039325844,0.037921347,mammo_133.jpg
10,10,/media/tohn/SSD/mammo_custom/train/External/mammo_134.jpg,mammo,https://irisprodseatraining.blob.core.windows.net:443/i-8c74b0cb460b431d9701a0f47b8cf612/i-76fc4451ac0e47d484140b0626291ebf?sv=2019-12-12&se=2021-05-08T06%3A53%3A04Z&sr=b&sp=r&sig=pfNAXjKQ%2Fe4GkwoJbWJbvF5sFFTIadnS8TyCL6e%2Fr2g%3D,305,456,35,36,0.42977527,0.64148086,0.050561797,0.05196629,mammo_134.jpg
11,11,/media/tohn/SSD/mammo_custom/train/External/mammo_135.jpg,mammo,https://irisprodseatraining.blob.core.windows.net:443/i-8c74b0cb460b431d9701a0f47b8cf612/i-76fc4451ac0e47d484140b0626291ebf?sv=2019-12-12&se=2021-05-08T06%3A53%3A04Z&sr=b&sp=r&sig=pfNAXjKQ%2Fe4GkwoJbWJbvF5sFFTIadnS8TyCL6e%2Fr2g%3D,279,236,45,35,0.39325842,0.33249209999999996,0.06320225,0.050561797,mammo_135.jpg
12,12,/media/tohn/SSD/mammo_custom/train/External/mammo_136.jpg,mammo,https://irisprodseatraining.blob.core.windows.net:443/i-8c74b0cb460b431d9701a0f47b8cf612/i-76fc4451ac0e47d484140b0626291ebf?sv=2019-12-12&se=2021-05-08T06%3A53%3A04Z&sr=b&sp=r&sig=pfNAXjKQ%2Fe4GkwoJbWJbvF5sFFTIadnS8TyCL6e%2Fr2g%3D,385,295,99,73,0.5421348000000001,0.41535726,0.14044943,0.10252809,mammo_136.jpg
13,13,/media/tohn/SSD/mammo_custom/train/External/mammo_137.jpg,mammo,https://irisprodseatraining.blob.core.windows.net:443/i-8c74b0cb460b431d9701a0f47b8cf612/i-65886ee1ce134b81816e3c7c0c1cfc5c?sv=2019-12-12&se=2021-05-08T06%3A53%3A04Z&sr=b&sp=r&sig=%2FAwt87BZqTr7tmJGJn5m7Qn3Zhsaxzb6AOIbO0CiLLo%3D,334,167,20,29,0.46910113,0.235582,0.029494382000000003,0.04073034,mammo_137.jpg
14,14,/media/tohn/SSD/mammo_custom/train/External/mammo_138.jpg,mammo,https://irisprodseatraining.blob.core.windows.net:443/i-8c74b0cb460b431d9701a0f47b8cf612/i-65886ee1ce134b81816e3c7c0c1cfc5c?sv=2019-12-12&se=2021-05-08T06%3A53%3A04Z&sr=b&sp=r&sig=%2FAwt87BZqTr7tmJGJn5m7Qn3Zhsaxzb6AOIbO0CiLLo%3D,242,268,22,28,0.33988765,0.37743592,0.03230337,0.039325844,mammo_138.jpg
15,15,/media/tohn/SSD/mammo_custom/train/External/mammo_139.jpg,mammo,https://irisprodseatraining.blob.core.windows.net:443/i-8c74b0cb460b431d9701a0f47b8cf612/i-639c3c89d898400ba9af5a6cdc89b828?sv=2019-12-12&se=2021-05-08T06%3A53%3A04Z&sr=b&sp=r&sig=NMJuOeZRB2v43P%2FQFHxb82jXwN8kb53gBrkpog7VXUo%3D,316,422,27,18,0.44319776,0.59372807,0.037868163999999996,0.026685392000000002,mammo_139.jpg
16,16,/media/tohn/SSD/mammo_custom/train/External/mammo_140.jpg,mammo,https://irisprodseatraining.blob.core.windows.net:443/i-8c74b0cb460b431d9701a0f47b8cf612/i-639c3c89d898400ba9af5a6cdc89b828?sv=2019-12-12&se=2021-05-08T06%3A53%3A04Z&sr=b&sp=r&sig=NMJuOeZRB2v43P%2FQFHxb82jXwN8kb53gBrkpog7VXUo%3D,199,446,20,17,0.27910239,0.6274359,0.028050492000000003,0.025280898,mammo_140.jpg
17,17,/media/tohn/SSD/mammo_custom/train/External/mammo_141.jpg,mammo,https://irisprodseatraining.blob.core.windows.net:443/i-8c74b0cb460b431d9701a0f47b8cf612/i-639c3c89d898400ba9af5a6cdc89b828?sv=2019-12-12&se=2021-05-08T06%3A53%3A04Z&sr=b&sp=r&sig=NMJuOeZRB2v43P%2FQFHxb82jXwN8kb53gBrkpog7VXUo%3D,426,436,25,15,0.59887797,0.613391,0.035063114,0.021067416000000002,mammo_141.jpg
18,18,/media/tohn/SSD/mammo_custom/train/External/mammo_142.jpg,mammo,https://irisprodseatraining.blob.core.windows.net:443/i-8c74b0cb460b431d9701a0f47b8cf612/i-639c3c89d898400ba9af5a6cdc89b828?sv=2019-12-12&se=2021-05-08T06%3A53%3A04Z&sr=b&sp=r&sig=NMJuOeZRB2v43P%2FQFHxb82jXwN8kb53gBrkpog7VXUo%3D,287,479,20,26,0.40392706,0.67378426,0.029453015,0.037921347,mammo_142.jpg
19,19,/media/tohn/SSD/mammo_custom/train/External/mammo_143.jpg,mammo,https://irisprodseatraining.blob.core.windows.net:443/i-8c74b0cb460b431d9701a0f47b8cf612/i-639c3c89d898400ba9af5a6cdc89b828?sv=2019-12-12&se=2021-05-08T06%3A53%3A04Z&sr=b&sp=r&sig=NMJuOeZRB2v43P%2FQFHxb82jXwN8kb53gBrkpog7VXUo%3D,242,437,20,15,0.34081346,0.61479545,0.029453015,0.021067416000000002,mammo_143.jpg
20,20,/media/tohn/SSD/mammo_custom/train/External/mammo_144.jpg,mammo,https://irisprodseatraining.blob.core.windows.net:443/i-8c74b0cb460b431d9701a0f47b8cf612/i-639c3c89d898400ba9af5a6cdc89b828?sv=2019-12-12&se=2021-05-08T06%3A53%3A04Z&sr=b&sp=r&sig=NMJuOeZRB2v43P%2FQFHxb82jXwN8kb53gBrkpog7VXUo%3D,253,274,25,31,0.35624123,0.3858629,0.035063114,0.043539327,mammo_144.jpg
21,21,/media/tohn/SSD/mammo_custom/train/External/mammo_145.jpg,mammo,https://irisprodseatraining.blob.core.windows.net:443/i-8c74b0cb460b431d9701a0f47b8cf612/i-adbc8ab83ed6439ca4f0d9df13aa9226?sv=2019-12-12&se=2021-05-08T06%3A53%3A04Z&sr=b&sp=r&sig=7uIhjWRolwVeM5%2F7S3O6IPXczF%2FHyW1yd9n83j07BPw%3D,350,241,30,34,0.49157304,0.33951458,0.042134833,0.04775281,mammo_145.jpg
22,22,/media/tohn/SSD/mammo_custom/train/External/mammo_146.jpg,mammo,https://irisprodseatraining.blob.core.windows.net:443/i-8c74b0cb460b431d9701a0f47b8cf612/i-88000aeb245d425dbb9d1fe94af33d45?sv=2019-12-12&se=2021-05-08T06%3A53%3A04Z&sr=b&sp=r&sig=2RBUAnSTUG70GXxbDdiYvpR%2BjFBN%2BPA1V1%2FiZmvccGE%3D,322,427,44,41,0.45224719999999996,0.6007505,0.061797753,0.05758427,mammo_146.jpg
23,23,/media/tohn/SSD/mammo_custom/train/External/mammo_147.jpg,mammo,https://irisprodseatraining.blob.core.windows.net:443/i-8c74b0cb460b431d9701a0f47b8cf612/i-8652dd7e8b084cef9f173a96dc51bf99?sv=2019-12-12&se=2021-05-08T06%3A53%3A04Z&sr=b&sp=r&sig=57HZRP7vy9pC9FgZMjwIQNuknI3pBO%2BEDn6oJx9cHR4%3D,153,257,57,28,0.21629213,0.3619865,0.08005618,0.039325844,mammo_147.jpg
24,24,/media/tohn/SSD/mammo_custom/train/External/mammo_148.jpg,mammo,https://irisprodseatraining.blob.core.windows.net:443/i-8c74b0cb460b431d9701a0f47b8cf612/i-f96908bcc56841f881ca7d08fbb5c96a?sv=2019-12-12&se=2021-05-08T06%3A53%3A04Z&sr=b&sp=r&sig=SHm%2FqUu9y8a9peFtTosbUguz4uSu0cerMqW22O6UANw%3D,190,290,35,33,0.37747034,0.5734406,0.07114624,0.06706114,mammo_148.jpg
25,25,/media/tohn/SSD/mammo_custom/train/External/mammo_149.jpg,mammo,https://irisprodseatraining.blob.core.windows.net:443/i-8c74b0cb460b431d9701a0f47b8cf612/i-bee22270793f4b25b13fad746295e19b?sv=2019-12-12&se=2021-05-08T06%3A53%3A04Z&sr=b&sp=r&sig=4Be8g3%2BtvZYdkUltu3%2BwUy19ltX%2B4B1U7F8FkZsBfbE%3D,117,292,30,33,0.23122529999999997,0.57738537,0.06126482,0.06508876,mammo_149.jpg
26,26,/media/tohn/SSD/mammo_custom/train/External/mammo_150.jpg,mammo,https://irisprodseatraining.blob.core.windows.net:443/i-8c74b0cb460b431d9701a0f47b8cf612/i-f455c87fd30b4c7c9e131dd774ef8d42?sv=2019-12-12&se=2021-05-08T06%3A53%3A04Z&sr=b&sp=r&sig=Cl88qEBmkuCtDrLE6VcfoybbVcUUQSTO5ZycsIYQYGY%3D,367,323,42,42,0.51544946,0.45468313,0.058988765,0.058988765,mammo_150.jpg
27,27,/media/tohn/SSD/mammo_custom/train/External/mammo_151.jpg,mammo,https://irisprodseatraining.blob.core.windows.net:443/i-8c74b0cb460b431d9701a0f47b8cf612/i-f455c87fd30b4c7c9e131dd774ef8d42?sv=2019-12-12&se=2021-05-08T06%3A53%3A04Z&sr=b&sp=r&sig=Cl88qEBmkuCtDrLE6VcfoybbVcUUQSTO5ZycsIYQYGY%3D,328,356,37,42,0.46067417,0.5010314,0.053370785,0.058988765,mammo_151.jpg
28,28,/media/tohn/SSD/mammo_custom/train/External/mammo_152.jpg,mammo,https://irisprodseatraining.blob.core.windows.net:443/i-8c74b0cb460b431d9701a0f47b8cf612/i-f455c87fd30b4c7c9e131dd774ef8d42?sv=2019-12-12&se=2021-05-08T06%3A53%3A04Z&sr=b&sp=r&sig=Cl88qEBmkuCtDrLE6VcfoybbVcUUQSTO5ZycsIYQYGY%3D,233,311,39,40,0.3272472,0.43782917,0.054775283,0.056179777,mammo_152.jpg
29,29,/media/tohn/SSD/mammo_custom/train/External/mammo_153.jpg,mammo,https://irisprodseatraining.blob.core.windows.net:443/i-8c74b0cb460b431d9701a0f47b8cf612/i-f455c87fd30b4c7c9e131dd774ef8d42?sv=2019-12-12&se=2021-05-08T06%3A53%3A04Z&sr=b&sp=r&sig=Cl88qEBmkuCtDrLE6VcfoybbVcUUQSTO5ZycsIYQYGY%3D,407,282,22,23,0.5730337,0.39709884,0.03230337,0.033707865,mammo_153.jpg
30,30,/media/tohn/SSD/mammo_custom/train/External/mammo_154.jpg,mammo,https://irisprodseatraining.blob.core.windows.net:443/i-8c74b0cb460b431d9701a0f47b8cf612/i-f455c87fd30b4c7c9e131dd774ef8d42?sv=2019-12-12&se=2021-05-08T06%3A53%3A04Z&sr=b&sp=r&sig=Cl88qEBmkuCtDrLE6VcfoybbVcUUQSTO5ZycsIYQYGY%3D,265,213,26,18,0.37359549999999997,0.30018872,0.037921347,0.026685392000000002,mammo_154.jpg
31,31,/media/tohn/SSD/mammo_custom/train/External/mammo_155.jpg,mammo,https://irisprodseatraining.blob.core.windows.net:443/i-8c74b0cb460b431d9701a0f47b8cf612/i-f455c87fd30b4c7c9e131dd774ef8d42?sv=2019-12-12&se=2021-05-08T06%3A53%3A04Z&sr=b&sp=r&sig=Cl88qEBmkuCtDrLE6VcfoybbVcUUQSTO5ZycsIYQYGY%3D,290,378,25,31,0.40870786,0.5319303000000001,0.036516852999999995,0.04494382,mammo_155.jpg
32,32,/media/tohn/SSD/mammo_custom/train/External/mammo_156.jpg,mammo,https://irisprodseatraining.blob.core.windows.net:443/i-8c74b0cb460b431d9701a0f47b8cf612/i-ca8927cc55384a72b181798e159ed7b0?sv=2019-12-12&se=2021-05-08T06%3A53%3A04Z&sr=b&sp=r&sig=Ro8Yji5biMect%2FZbmMcsA2k%2FRMvBW985PQ4C2I3NwCE%3D,280,395,34,34,0.39466292,0.5558066999999999,0.04775281,0.04775281,mammo_156.jpg
33,33,/media/tohn/SSD/mammo_custom/train/External/mammo_157.jpg,mammo,https://irisprodseatraining.blob.core.windows.net:443/i-8c74b0cb460b431d9701a0f47b8cf612/i-e5bfba2331b842a8acd97c5887af7606?sv=2019-12-12&se=2021-05-08T06%3A53%3A04Z&sr=b&sp=r&sig=B2jtnXdlY7dW6w%2FfgfW6gCH4quBybkxJAlt48FRKI8c%3D,381,221,37,29,0.5351123999999999,0.31142467,0.053370785,0.04073034,mammo_157.jpg
34,34,/media/tohn/SSD/mammo_custom/train/External/mammo_158.jpg,mammo,https://irisprodseatraining.blob.core.windows.net:443/i-8c74b0cb460b431d9701a0f47b8cf612/i-e5bfba2331b842a8acd97c5887af7606?sv=2019-12-12&se=2021-05-08T06%3A53%3A04Z&sr=b&sp=r&sig=B2jtnXdlY7dW6w%2FfgfW6gCH4quBybkxJAlt48FRKI8c%3D,217,332,21,29,0.30617976,0.46732357,0.030898876000000002,0.04073034,mammo_158.jpg
35,35,/media/tohn/SSD/mammo_custom/train/External/mammo_159.jpg,mammo,https://irisprodseatraining.blob.core.windows.net:443/i-8c74b0cb460b431d9701a0f47b8cf612/i-40af16d5e44c4fa8a12acce2c3cc3ac9?sv=2019-12-12&se=2021-05-08T06%3A53%3A04Z&sr=b&sp=r&sig=ldHIQXnaID5ggsnFDtIJ0Wd%2F%2B0OXz1R0P44tvlv9pGI%3D,490,603,36,25,0.68820226,0.8479415000000001,0.05196629,0.036516852999999995,mammo_159.jpg
36,36,/media/tohn/SSD/mammo_custom/train/External/mammo_160.jpg,mammo,https://irisprodseatraining.blob.core.windows.net:443/i-8c74b0cb460b431d9701a0f47b8cf612/i-e516a89fe196477eb33fc50e2c68eff7?sv=2019-12-12&se=2021-05-08T06%3A53%3A04Z&sr=b&sp=r&sig=lFnsP9KECoNKOx8cTwRRVtuYkGD0X34to7SAqmnM03Y%3D,349,429,23,18,0.49016854,0.6035595,0.033707865,0.026685392000000002,mammo_160.jpg
37,37,/media/tohn/SSD/mammo_custom/train/External/mammo_161.jpg,mammo,https://irisprodseatraining.blob.core.windows.net:443/i-8c74b0cb460b431d9701a0f47b8cf612/i-e516a89fe196477eb33fc50e2c68eff7?sv=2019-12-12&se=2021-05-08T06%3A53%3A04Z&sr=b&sp=r&sig=lFnsP9KECoNKOx8cTwRRVtuYkGD0X34to7SAqmnM03Y%3D,406,442,23,35,0.5716292,0.62181795,0.033707865,0.050561797,mammo_161.jpg
38,38,/media/tohn/SSD/mammo_custom/train/External/mammo_162.jpg,mammo,https://irisprodseatraining.blob.core.windows.net:443/i-8c74b0cb460b431d9701a0f47b8cf612/i-8f1078417de64fb6ac09411e857de628?sv=2019-12-12&se=2021-05-08T06%3A53%3A04Z&sr=b&sp=r&sig=7zE0CAShiOihzG0Yvx%2BJpYliqj5RMs2b38yvjEq4nr0%3D,300,314,29,31,0.42275280000000004,0.44204265,0.04073034,0.043539327,mammo_162.jpg
39,39,/media/tohn/SSD/mammo_custom/train/External/mammo_163.jpg,mammo,https://irisprodseatraining.blob.core.windows.net:443/i-8c74b0cb460b431d9701a0f47b8cf612/i-8f1078417de64fb6ac09411e857de628?sv=2019-12-12&se=2021-05-08T06%3A53%3A04Z&sr=b&sp=r&sig=7zE0CAShiOihzG0Yvx%2BJpYliqj5RMs2b38yvjEq4nr0%3D,433,325,20,21,0.6081460999999999,0.45749209999999996,0.028089887999999997,0.030898876000000002,mammo_163.jpg
40,40,/media/tohn/SSD/mammo_custom/train/External/mammo_164.jpg,mammo,https://irisprodseatraining.blob.core.windows.net:443/i-8c74b0cb460b431d9701a0f47b8cf612/i-e7c2df9f5d174974a069d24912066e70?sv=2019-12-12&se=2021-05-08T06%3A53%3A04Z&sr=b&sp=r&sig=h%2FAjhQo0TrQvaHNW7wBeHdmdARAUvVQogTRWfGxqLdY%3D,129,479,35,26,0.18117978,0.67378426,0.050561797,0.037921347,mammo_164.jpg
41,41,/media/tohn/SSD/mammo_custom/train/External/mammo_165.jpg,mammo,https://irisprodseatraining.blob.core.windows.net:443/i-8c74b0cb460b431d9701a0f47b8cf612/i-e7c2df9f5d174974a069d24912066e70?sv=2019-12-12&se=2021-05-08T06%3A53%3A04Z&sr=b&sp=r&sig=h%2FAjhQo0TrQvaHNW7wBeHdmdARAUvVQogTRWfGxqLdY%3D,168,495,40,34,0.23735955,0.69625616,0.056179777,0.049157303,mammo_165.jpg
42,42,/media/tohn/SSD/mammo_custom/train/External/mammo_166.jpg,mammo,https://irisprodseatraining.blob.core.windows.net:443/i-8c74b0cb460b431d9701a0f47b8cf612/i-64db4cb9d65a4d54b4a4d4d6542b60ba?sv=2019-12-12&se=2021-05-08T06%3A53%3A04Z&sr=b&sp=r&sig=RPoNbRcIw5O4%2Bkz2mqYOaCrtuMLKSstoKuHf%2FwDeFik%3D,278,470,34,34,0.39185393,0.6602165,0.04775281,0.047685835999999995,mammo_166.jpg
43,43,/media/tohn/SSD/mammo_custom/train/External/mammo_167.jpg,mammo,https://irisprodseatraining.blob.core.windows.net:443/i-8c74b0cb460b431d9701a0f47b8cf612/i-64db4cb9d65a4d54b4a4d4d6542b60ba?sv=2019-12-12&se=2021-05-08T06%3A53%3A04Z&sr=b&sp=r&sig=RPoNbRcIw5O4%2Bkz2mqYOaCrtuMLKSstoKuHf%2FwDeFik%3D,244,458,30,27,0.34269664,0.64338624,0.042134833,0.037868163999999996,mammo_167.jpg
44,44,/media/tohn/SSD/mammo_custom/train/External/mammo_168.jpg,mammo,https://irisprodseatraining.blob.core.windows.net:443/i-8c74b0cb460b431d9701a0f47b8cf612/i-ddcc0e58ddaf49e9b99c248458174a39?sv=2019-12-12&se=2021-05-08T06%3A53%3A04Z&sr=b&sp=r&sig=mKD5jHOEsFARtfnUVmLqfezjQGWAyn1WiJ8WmNycru8%3D,349,293,39,34,0.49016854,0.41254827,0.054775283,0.049157303,mammo_168.jpg
45,45,/media/tohn/SSD/mammo_custom/train/External/mammo_169.jpg,mammo,https://irisprodseatraining.blob.core.windows.net:443/i-8c74b0cb460b431d9701a0f47b8cf612/i-b5d9a879c5b346f2b9e1a03e02c66c4c?sv=2019-12-12&se=2021-05-08T06%3A53%3A04Z&sr=b&sp=r&sig=oduOgXLHVTTBNbsGVhlf9%2BXSOwd%2FFTVJg0y1Lm0IvSQ%3D,385,371,34,28,0.54073036,0.52209884,0.049157303,0.039325844,mammo_169.jpg
46,46,/media/tohn/SSD/mammo_custom/train/External/mammo_170.jpg,mammo,https://irisprodseatraining.blob.core.windows.net:443/i-8c74b0cb460b431d9701a0f47b8cf612/i-fb95f8bbd9ab4bd592fcfd0af49d12e1?sv=2019-12-12&se=2021-05-08T06%3A53%3A04Z&sr=b&sp=r&sig=kvZqw38ZL9ccSp%2FBenQqKZqPqKhaLCyHVaI0h7ytrVE%3D,344,429,18,18,0.48387095,0.6035595,0.026647966000000002,0.026685392000000002,mammo_170.jpg
47,47,/media/tohn/SSD/mammo_custom/train/External/mammo_171.jpg,mammo,https://irisprodseatraining.blob.core.windows.net:443/i-8c74b0cb460b431d9701a0f47b8cf612/i-9da4fc34679b49979e554c577352c402?sv=2019-12-12&se=2021-05-08T06%3A53%3A04Z&sr=b&sp=r&sig=N8Eu6nJ6Fr6ogktJOGEJ10WQL2uv84u0KhDKvDRgdKg%3D,550,582,34,34,0.7738764,0.8184471999999999,0.04775281,0.04775281,mammo_171.jpg
48,48,/media/tohn/SSD/mammo_custom/train/External/mammo_172.jpg,mammo,https://irisprodseatraining.blob.core.windows.net:443/i-8c74b0cb460b431d9701a0f47b8cf612/i-9da4fc34679b49979e554c577352c402?sv=2019-12-12&se=2021-05-08T06%3A53%3A04Z&sr=b&sp=r&sig=N8Eu6nJ6Fr6ogktJOGEJ10WQL2uv84u0KhDKvDRgdKg%3D,450,663,34,35,0.6320225,0.9322111999999999,0.04775281,0.050561797,mammo_172.jpg
49,49,/media/tohn/SSD/mammo_custom/train/External/mammo_173.jpg,mammo,https://irisprodseatraining.blob.core.windows.net:443/i-8c74b0cb460b431d9701a0f47b8cf612/i-86a21c71160b4d5db34da2e7a2087027?sv=2019-12-12&se=2021-05-08T06%3A53%3A04Z&sr=b&sp=r&sig=oDEqS5Ol%2FtyihhfW2GqVdU57a6gBNWQ3NCvnDtocJ7I%3D,421,465,25,25,0.5926965999999999,0.65412134,0.036516852999999995,0.036516852999999995,mammo_173.jpg
50,50,/media/tohn/SSD/mammo_custom/train/External/mammo_174.jpg,mammo,https://irisprodseatraining.blob.core.windows.net:443/i-8c74b0cb460b431d9701a0f47b8cf612/i-86a21c71160b4d5db34da2e7a2087027?sv=2019-12-12&se=2021-05-08T06%3A53%3A04Z&sr=b&sp=r&sig=oDEqS5Ol%2FtyihhfW2GqVdU57a6gBNWQ3NCvnDtocJ7I%3D,346,529,31,34,0.48735955,0.74400896,0.04494382,0.04775281,mammo_174.jpg
51,51,/media/tohn/SSD/mammo_custom/train/External/mammo_175.jpg,mammo,https://irisprodseatraining.blob.core.windows.net:443/i-8c74b0cb460b431d9701a0f47b8cf612/i-8fac5d9bdb7446459159bac3dee4f2c2?sv=2019-12-12&se=2021-05-08T06%3A53%3A04Z&sr=b&sp=r&sig=lmEnVi%2B57dp3ok%2B696ml1TehOa1xou1TdQ%2BWv3F3OYQ%3D,305,424,17,17,0.42977527,0.59653705,0.025280898,0.025280898,mammo_175.jpg
52,52,/media/tohn/SSD/mammo_custom/train/External/mammo_176.jpg,mammo,https://irisprodseatraining.blob.core.windows.net:443/i-8c74b0cb460b431d9701a0f47b8cf612/i-8fac5d9bdb7446459159bac3dee4f2c2?sv=2019-12-12&se=2021-05-08T06%3A53%3A04Z&sr=b&sp=r&sig=lmEnVi%2B57dp3ok%2B696ml1TehOa1xou1TdQ%2BWv3F3OYQ%3D,361,381,35,20,0.50842696,0.5361438000000001,0.050561797,0.028089887999999997,mammo_176.jpg
53,53,/media/tohn/SSD/mammo_custom/train/External/mammo_177.jpg,mammo,https://irisprodseatraining.blob.core.windows.net:443/i-8c74b0cb460b431d9701a0f47b8cf612/i-8fac5d9bdb7446459159bac3dee4f2c2?sv=2019-12-12&se=2021-05-08T06%3A53%3A04Z&sr=b&sp=r&sig=lmEnVi%2B57dp3ok%2B696ml1TehOa1xou1TdQ%2BWv3F3OYQ%3D,476,421,18,20,0.66853935,0.59232354,0.026685392000000002,0.029494382000000003,mammo_177.jpg
54,54,/media/tohn/SSD/mammo_custom/train/External/mammo_178.jpg,mammo,https://irisprodseatraining.blob.core.windows.net:443/i-8c74b0cb460b431d9701a0f47b8cf612/i-35383dd1fd044f0b88e6f7587c05c605?sv=2019-12-12&se=2021-05-08T06%3A53%3A04Z&sr=b&sp=r&sig=Gnz6VY%2Fst%2FBNBhbvjh71D%2FqalraIPm3GeuoaS98x7Ag%3D,356,415,57,43,0.5,0.5838966,0.08005618,0.06039326,mammo_178.jpg
55,55,/media/tohn/SSD/mammo_custom/train/External/mammo_179.jpg,mammo,https://irisprodseatraining.blob.core.windows.net:443/i-8c74b0cb460b431d9701a0f47b8cf612/i-7d1cce7454de444fac9c7a61f31ca405?sv=2019-12-12&se=2021-05-08T06%3A53%3A04Z&sr=b&sp=r&sig=tPoKcpc09%2BUA0xnbMX6gKrVKmwbVhEdGK08lv5Xwer0%3D,199,314,25,25,0.28089887,0.44204265,0.036516852999999995,0.03511236,mammo_179.jpg
56,56,/media/tohn/SSD/mammo_custom/train/External/mammo_180.jpg,mammo,https://irisprodseatraining.blob.core.windows.net:443/i-8c74b0cb460b431d9701a0f47b8cf612/i-7d1cce7454de444fac9c7a61f31ca405?sv=2019-12-12&se=2021-05-08T06%3A53%3A04Z&sr=b&sp=r&sig=tPoKcpc09%2BUA0xnbMX6gKrVKmwbVhEdGK08lv5Xwer0%3D,205,293,26,22,0.28932583,0.41254827,0.037921347,0.03230337,mammo_180.jpg
57,57,/media/tohn/SSD/mammo_custom/train/External/mammo_181.jpg,mammo,https://irisprodseatraining.blob.core.windows.net:443/i-8c74b0cb460b431d9701a0f47b8cf612/i-1e985e2bd9c64bbdbad16c2c5df345e4?sv=2019-12-12&se=2021-05-08T06%3A53%3A04Z&sr=b&sp=r&sig=DwOrnrvAoMBnGsqSZhZbcYxGQWfTL44evOlDVQJDKAc%3D,407,283,89,45,0.5730337,0.39850333,0.125,0.06460674,mammo_181.jpg
0,0,/media/tohn/SSD/mammo_custom/test/mammo_182.jpg,mammo,https://irisprodseatraining.blob.core.windows.net:443/i-2bdfc083fefa40dca48e1f86af540ecd/i-955da134eb364304865f5aea8aed2cc3?sv=2019-12-12&se=2021-05-08T06%3A50%3A55Z&sr=b&sp=r&sig=2FFX4aIJHsGwbuKD2y7bvQIaQuVp%2F7qk3WCkY88CgxE%3D,599,282,50,40,0.84129214,0.39709884,0.07022472,0.056179777,mammo_182.jpg
1,1,/media/tohn/SSD/mammo_custom/test/mammo_183.jpg,mammo,https://irisprodseatraining.blob.core.windows.net:443/i-2bdfc083fefa40dca48e1f86af540ecd/i-955da134eb364304865f5aea8aed2cc3?sv=2019-12-12&se=2021-05-08T06%3A50%3A55Z&sr=b&sp=r&sig=2FFX4aIJHsGwbuKD2y7bvQIaQuVp%2F7qk3WCkY88CgxE%3D,599,518,37,25,0.84129214,0.7285595,0.053370785,0.03511236,mammo_183.jpg
2,2,/media/tohn/SSD/mammo_custom/test/mammo_184.jpg,mammo,https://irisprodseatraining.blob.core.windows.net:443/i-2bdfc083fefa40dca48e1f86af540ecd/i-5a7e21cb29a54579b26c35c190803f4a?sv=2019-12-12&se=2021-05-08T06%3A50%3A55Z&sr=b&sp=r&sig=PkQA860v11wFElIt5fV4UBx2n7GLELQ64ZnZ7MydxFs%3D,70,380,50,47,0.0997191,0.5347393,0.07022472,0.06741573,mammo_184.jpg
3,3,/media/tohn/SSD/mammo_custom/test/mammo_185.jpg,mammo,https://irisprodseatraining.blob.core.windows.net:443/i-2bdfc083fefa40dca48e1f86af540ecd/i-5a7e21cb29a54579b26c35c190803f4a?sv=2019-12-12&se=2021-05-08T06%3A50%3A55Z&sr=b&sp=r&sig=PkQA860v11wFElIt5fV4UBx2n7GLELQ64ZnZ7MydxFs%3D,102,333,42,34,0.14466292,0.46872807,0.058988765,0.04775281,mammo_185.jpg
4,4,/media/tohn/SSD/mammo_custom/test/mammo_186.jpg,mammo,https://irisprodseatraining.blob.core.windows.net:443/i-2bdfc083fefa40dca48e1f86af540ecd/i-5a7e21cb29a54579b26c35c190803f4a?sv=2019-12-12&se=2021-05-08T06%3A50%3A55Z&sr=b&sp=r&sig=PkQA860v11wFElIt5fV4UBx2n7GLELQ64ZnZ7MydxFs%3D,39,334,52,44,0.054775283,0.47013256,0.0744382,0.061797753,mammo_186.jpg
5,5,/media/tohn/SSD/mammo_custom/test/mammo_187.jpg,mammo,https://irisprodseatraining.blob.core.windows.net:443/i-2bdfc083fefa40dca48e1f86af540ecd/i-db5e1539cac043b783b73159d2c0edcc?sv=2019-12-12&se=2021-05-08T06%3A50%3A55Z&sr=b&sp=r&sig=bbboPo3K%2BJLFdRSUbHHkh8m1fRUt9QZiialISAsapgM%3D,363,245,60,53,0.51123595,0.34513256,0.084269665,0.07584269,mammo_187.jpg
6,6,/media/tohn/SSD/mammo_custom/test/mammo_188.jpg,mammo,https://irisprodseatraining.blob.core.windows.net:443/i-2bdfc083fefa40dca48e1f86af540ecd/i-db5e1539cac043b783b73159d2c0edcc?sv=2019-12-12&se=2021-05-08T06%3A50%3A55Z&sr=b&sp=r&sig=bbboPo3K%2BJLFdRSUbHHkh8m1fRUt9QZiialISAsapgM%3D,439,561,65,47,0.61657304,0.78895277,0.091292135,0.06741573,mammo_188.jpg
7,7,/media/tohn/SSD/mammo_custom/test/mammo_189.jpg,mammo,https://irisprodseatraining.blob.core.windows.net:443/i-2bdfc083fefa40dca48e1f86af540ecd/i-b861b8610a3345748fdcf03193700361?sv=2019-12-12&se=2021-05-08T06%3A50%3A55Z&sr=b&sp=r&sig=HQ9s4ZWeV2vdHcmcqmtycN5BlFKUiLQ9JdDd%2F45dSu8%3D,286,238,36,36,0.4016854,0.3353011,0.05196629,0.05196629,mammo_189.jpg
8,8,/media/tohn/SSD/mammo_custom/test/mammo_190.jpg,mammo,https://irisprodseatraining.blob.core.windows.net:443/i-2bdfc083fefa40dca48e1f86af540ecd/i-b861b8610a3345748fdcf03193700361?sv=2019-12-12&se=2021-05-08T06%3A50%3A55Z&sr=b&sp=r&sig=HQ9s4ZWeV2vdHcmcqmtycN5BlFKUiLQ9JdDd%2F45dSu8%3D,303,456,42,31,0.42696628,0.64148086,0.058988765,0.04494382,mammo_190.jpg
9,9,/media/tohn/SSD/mammo_custom/test/mammo_191.jpg,mammo,https://irisprodseatraining.blob.core.windows.net:443/i-2bdfc083fefa40dca48e1f86af540ecd/i-b861b8610a3345748fdcf03193700361?sv=2019-12-12&se=2021-05-08T06%3A50%3A55Z&sr=b&sp=r&sig=HQ9s4ZWeV2vdHcmcqmtycN5BlFKUiLQ9JdDd%2F45dSu8%3D,392,299,93,63,0.5505618,0.42097524,0.13202247,0.08848315,mammo_191.jpg
10,10,/media/tohn/SSD/mammo_custom/test/mammo_192.jpg,mammo,https://irisprodseatraining.blob.core.windows.net:443/i-2bdfc083fefa40dca48e1f86af540ecd/i-87e8015a795042c688e83ed2ebbd06ce?sv=2019-12-12&se=2021-05-08T06%3A50%3A55Z&sr=b&sp=r&sig=9SEzRkBUk7nkVJtDdLFyS1n9zTmHTUpOOS%2F5VXsrK4o%3D,96,358,25,25,0.13623595,0.5031338,0.03511236,0.035063114,mammo_192.jpg
11,11,/media/tohn/SSD/mammo_custom/test/mammo_193.jpg,mammo,https://irisprodseatraining.blob.core.windows.net:443/i-2bdfc083fefa40dca48e1f86af540ecd/i-87e8015a795042c688e83ed2ebbd06ce?sv=2019-12-12&se=2021-05-08T06%3A50%3A55Z&sr=b&sp=r&sig=9SEzRkBUk7nkVJtDdLFyS1n9zTmHTUpOOS%2F5VXsrK4o%3D,154,335,25,33,0.21769662,0.47087570000000006,0.036516852999999995,0.04628331,mammo_193.jpg
12,12,/media/tohn/SSD/mammo_custom/test/mammo_194.jpg,mammo,https://irisprodseatraining.blob.core.windows.net:443/i-2bdfc083fefa40dca48e1f86af540ecd/i-87e8015a795042c688e83ed2ebbd06ce?sv=2019-12-12&se=2021-05-08T06%3A50%3A55Z&sr=b&sp=r&sig=9SEzRkBUk7nkVJtDdLFyS1n9zTmHTUpOOS%2F5VXsrK4o%3D,78,315,39,38,0.109550565,0.44282520000000003,0.054775283,0.053295933,mammo_194.jpg
13,13,/media/tohn/SSD/mammo_custom/test/mammo_195.jpg,mammo,https://irisprodseatraining.blob.core.windows.net:443/i-2bdfc083fefa40dca48e1f86af540ecd/i-87e8015a795042c688e83ed2ebbd06ce?sv=2019-12-12&se=2021-05-08T06%3A50%3A55Z&sr=b&sp=r&sig=9SEzRkBUk7nkVJtDdLFyS1n9zTmHTUpOOS%2F5VXsrK4o%3D,57,356,34,33,0.08005618,0.5003287000000001,0.04775281,0.04628331,mammo_195.jpg
14,14,/media/tohn/SSD/mammo_custom/test/mammo_196.jpg,mammo,https://irisprodseatraining.blob.core.windows.net:443/i-2bdfc083fefa40dca48e1f86af540ecd/i-87e8015a795042c688e83ed2ebbd06ce?sv=2019-12-12&se=2021-05-08T06%3A50%3A55Z&sr=b&sp=r&sig=9SEzRkBUk7nkVJtDdLFyS1n9zTmHTUpOOS%2F5VXsrK4o%3D,101,383,23,25,0.14325842,0.53819686,0.033707865,0.035063114,mammo_196.jpg
15,15,/media/tohn/SSD/mammo_custom/test/mammo_197.jpg,mammo,https://irisprodseatraining.blob.core.windows.net:443/i-2bdfc083fefa40dca48e1f86af540ecd/i-d57fcb85eec74d14ad8c2c133356338e?sv=2019-12-12&se=2021-05-08T06%3A50%3A55Z&sr=b&sp=r&sig=7wDnGalihCA2T8S30sodjlY3UDSbHfNZndPFsCiqF0s%3D,428,435,22,15,0.601683,0.61198646,0.03085554,0.02247191,mammo_197.jpg
16,16,/media/tohn/SSD/mammo_custom/test/mammo_198.jpg,mammo,https://irisprodseatraining.blob.core.windows.net:443/i-2bdfc083fefa40dca48e1f86af540ecd/i-d57fcb85eec74d14ad8c2c133356338e?sv=2019-12-12&se=2021-05-08T06%3A50%3A55Z&sr=b&sp=r&sig=7wDnGalihCA2T8S30sodjlY3UDSbHfNZndPFsCiqF0s%3D,196,445,22,21,0.27629733,0.6260314,0.03085554,0.030898876000000002,mammo_198.jpg
17,17,/media/tohn/SSD/mammo_custom/test/mammo_199.jpg,mammo,https://irisprodseatraining.blob.core.windows.net:443/i-2bdfc083fefa40dca48e1f86af540ecd/i-d57fcb85eec74d14ad8c2c133356338e?sv=2019-12-12&se=2021-05-08T06%3A50%3A55Z&sr=b&sp=r&sig=7wDnGalihCA2T8S30sodjlY3UDSbHfNZndPFsCiqF0s%3D,286,475,25,31,0.40252453,0.6681663000000001,0.035063114,0.04494382,mammo_199.jpg
18,18,/media/tohn/SSD/mammo_custom/test/mammo_200.jpg,mammo,https://irisprodseatraining.blob.core.windows.net:443/i-2bdfc083fefa40dca48e1f86af540ecd/i-d57fcb85eec74d14ad8c2c133356338e?sv=2019-12-12&se=2021-05-08T06%3A50%3A55Z&sr=b&sp=r&sig=7wDnGalihCA2T8S30sodjlY3UDSbHfNZndPFsCiqF0s%3D,249,269,29,34,0.34922862,0.37884042,0.042075735,0.04775281,mammo_200.jpg
19,19,/media/tohn/SSD/mammo_custom/test/mammo_201.jpg,mammo,https://irisprodseatraining.blob.core.windows.net:443/i-2bdfc083fefa40dca48e1f86af540ecd/i-d57fcb85eec74d14ad8c2c133356338e?sv=2019-12-12&se=2021-05-08T06%3A50%3A55Z&sr=b&sp=r&sig=7wDnGalihCA2T8S30sodjlY3UDSbHfNZndPFsCiqF0s%3D,314,421,28,20,0.44179523,0.59232354,0.039270688,0.028089887999999997,mammo_201.jpg
20,20,/media/tohn/SSD/mammo_custom/test/mammo_202.jpg,mammo,https://irisprodseatraining.blob.core.windows.net:443/i-2bdfc083fefa40dca48e1f86af540ecd/i-d57fcb85eec74d14ad8c2c133356338e?sv=2019-12-12&se=2021-05-08T06%3A50%3A55Z&sr=b&sp=r&sig=7wDnGalihCA2T8S30sodjlY3UDSbHfNZndPFsCiqF0s%3D,244,433,20,21,0.3436185,0.6091774999999999,0.028050492000000003,0.030898876000000002,mammo_202.jpg
21,21,/media/tohn/SSD/mammo_custom/test/mammo_203.jpg,mammo,https://irisprodseatraining.blob.core.windows.net:443/i-2bdfc083fefa40dca48e1f86af540ecd/i-62e90bf920544d7fb305200cfa24e087?sv=2019-12-12&se=2021-05-08T06%3A50%3A55Z&sr=b&sp=r&sig=1JKTa9TuAY42ercZ8dh54xnUnOAmdFtuJB9M75x0rEo%3D,345,242,36,35,0.48455057,0.34091908,0.05196629,0.050561797,mammo_203.jpg
22,22,/media/tohn/SSD/mammo_custom/test/mammo_204.jpg,mammo,https://irisprodseatraining.blob.core.windows.net:443/i-2bdfc083fefa40dca48e1f86af540ecd/i-03f17bae436e46afb005b402efbe0e02?sv=2019-12-12&se=2021-05-08T06%3A50%3A55Z&sr=b&sp=r&sig=2xFCLLagrdgjrTzDS0VuRoWa3gNnPbYy9ua6LmcTJaI%3D,147,393,48,36,0.20786516,0.5529977,0.06882022,0.05196629,mammo_204.jpg
23,23,/media/tohn/SSD/mammo_custom/test/mammo_205.jpg,mammo,https://irisprodseatraining.blob.core.windows.net:443/i-2bdfc083fefa40dca48e1f86af540ecd/i-b6451f4f8e29411282b36b8bf226b4a4?sv=2019-12-12&se=2021-05-08T06%3A50%3A55Z&sr=b&sp=r&sig=lW%2Bhxgrda%2BngFLznx3Yd76Bd1xjYcyVcUGCdK6n423M%3D,460,375,31,34,0.64606744,0.5277168000000001,0.04494382,0.049157303,mammo_205.jpg
24,24,/media/tohn/SSD/mammo_custom/test/mammo_206.jpg,mammo,https://irisprodseatraining.blob.core.windows.net:443/i-2bdfc083fefa40dca48e1f86af540ecd/i-d38f7851bc064165bdd2cc94467399f6?sv=2019-12-12&se=2021-05-08T06%3A50%3A55Z&sr=b&sp=r&sig=UkFoHfmTglsC31JmWB3CMIFAvA48dSWftYj0Td6D%2FP8%3D,21,526,35,26,0.030898876000000002,0.73979545,0.050561797,0.037921347,mammo_206.jpg
25,25,/media/tohn/SSD/mammo_custom/test/mammo_207.jpg,mammo,https://irisprodseatraining.blob.core.windows.net:443/i-2bdfc083fefa40dca48e1f86af540ecd/i-d38f7851bc064165bdd2cc94467399f6?sv=2019-12-12&se=2021-05-08T06%3A50%3A55Z&sr=b&sp=r&sig=UkFoHfmTglsC31JmWB3CMIFAvA48dSWftYj0Td6D%2FP8%3D,108,427,37,31,0.15308988,0.6007505,0.053370785,0.043539327,mammo_207.jpg
26,26,/media/tohn/SSD/mammo_custom/test/mammo_208.jpg,mammo,https://irisprodseatraining.blob.core.windows.net:443/i-2bdfc083fefa40dca48e1f86af540ecd/i-d38f7851bc064165bdd2cc94467399f6?sv=2019-12-12&se=2021-05-08T06%3A50%3A55Z&sr=b&sp=r&sig=UkFoHfmTglsC31JmWB3CMIFAvA48dSWftYj0Td6D%2FP8%3D,148,430,34,26,0.20926966,0.6049640000000001,0.04775281,0.037921347,mammo_208.jpg
27,27,/media/tohn/SSD/mammo_custom/test/mammo_209.jpg,mammo,https://irisprodseatraining.blob.core.windows.net:443/i-2bdfc083fefa40dca48e1f86af540ecd/i-d38f7851bc064165bdd2cc94467399f6?sv=2019-12-12&se=2021-05-08T06%3A50%3A55Z&sr=b&sp=r&sig=UkFoHfmTglsC31JmWB3CMIFAvA48dSWftYj0Td6D%2FP8%3D,71,410,37,33,0.101123594,0.57687414,0.053370785,0.046348315,mammo_209.jpg
