,img_path,tagName,originalImage,left,top,width,height,Rleft,Rtop,Rwidth,Rheight
0,None,prostate,https://irisprodseatraining.blob.core.windows.net:443/i-6dcb55bd18e2406ab6c2af2c261459e0/i-699596b44cd8411fa009d801fc49b7ed?sv=2019-12-12&se=2021-05-08T08%3A03%3A13Z&sr=b&sp=r&sig=nd%2F%2Felp%2FZfc3QMfqjTx%2BkhjPlPuuhggW0lgd0TGkzTM%3D,472,294,51,47,0.52796423,0.4093533,0.05704698,0.06527778
1,None,prostate,https://irisprodseatraining.blob.core.windows.net:443/i-6dcb55bd18e2406ab6c2af2c261459e0/i-699596b44cd8411fa009d801fc49b7ed?sv=2019-12-12&se=2021-05-08T08%3A03%3A13Z&sr=b&sp=r&sig=nd%2F%2Felp%2FZfc3QMfqjTx%2BkhjPlPuuhggW0lgd0TGkzTM%3D,426,250,78,39,0.47651008,0.3482422,0.087248325,0.054166667
2,None,prostate,https://irisprodseatraining.blob.core.windows.net:443/i-6dcb55bd18e2406ab6c2af2c261459e0/i-f82370c2c6d4451dbb5a323934e9aa5b?sv=2019-12-12&se=2021-05-08T08%3A03%3A13Z&sr=b&sp=r&sig=1hYtqBHxOqt%2BSoU7sGRwhZszGRIPNzah1Z6eREI%2FDi8%3D,518,311,34,32,0.57941836,0.4329644,0.039149888,0.044444446
3,None,prostate,https://irisprodseatraining.blob.core.windows.net:443/i-6dcb55bd18e2406ab6c2af2c261459e0/i-3de8745dfeea46299466b5043328df7d?sv=2019-12-12&se=2021-05-08T08%3A03%3A13Z&sr=b&sp=r&sig=X287Aro8aAkSaWwBGZ54LqjhrVrbjXWQSBi7hcfUVcE%3D,518,314,40,24,0.5805369,0.43713108,0.045861296,0.033333335
4,None,prostate,https://irisprodseatraining.blob.core.windows.net:443/i-6dcb55bd18e2406ab6c2af2c261459e0/i-3b748806e8db45e990a8aa364a2c581e?sv=2019-12-12&se=2021-05-08T08%3A03%3A13Z&sr=b&sp=r&sig=UQziB0TiqIxqEEPLXRq7CYT7UH9ZpfBMKbedkAATNIw%3D,499,223,51,62,0.5592841,0.3107422,0.058165547,0.0875
5,None,prostate,https://irisprodseatraining.blob.core.windows.net:443/i-6dcb55bd18e2406ab6c2af2c261459e0/i-b1a17f5bb7754abab2ec987a17177838?sv=2019-12-12&se=2021-05-08T08%3A03%3A13Z&sr=b&sp=r&sig=ybMUnSBLWZmOfDKxrJPW3hhOsJ5IvGf5JSo1KaNsics%3D,364,438,87,40,0.4082774,0.6093533,0.09731544,0.055555556
6,None,prostate,https://irisprodseatraining.blob.core.windows.net:443/i-6dcb55bd18e2406ab6c2af2c261459e0/i-e160eb08a11e4f099092afb694d95705?sv=2019-12-12&se=2021-05-08T08%3A03%3A13Z&sr=b&sp=r&sig=KNCukCPE%2Bz9HulkBSWkMx%2BokOnOjUHgPwRyf77Ab4%2Fg%3D,505,291,48,61,0.5653631,0.40518662,0.054748602,0.08611111
7,None,prostate,https://irisprodseatraining.blob.core.windows.net:443/i-6dcb55bd18e2406ab6c2af2c261459e0/i-46f47a3ef8f64d2badbc486785d53685?sv=2019-12-12&se=2021-05-08T08%3A03%3A13Z&sr=b&sp=r&sig=y%2FxAO%2FhOuNTIaEcFTZ1Bpu0gxD1hI1k%2BNar87q4sDug%3D,381,419,42,38,0.4261745,0.5829644,0.048098434,0.05277778
8,None,prostate,https://irisprodseatraining.blob.core.windows.net:443/i-6dcb55bd18e2406ab6c2af2c261459e0/i-16204f96212a44e89f9a014a19c79562?sv=2019-12-12&se=2021-05-08T08%3A03%3A13Z&sr=b&sp=r&sig=IOf137bJokoU00vIhDxDw%2F97eDzQLEmho1T50vghH98%3D,389,409,48,42,0.43512306,0.5690755,0.054809842,0.059722222
9,None,prostate,https://irisprodseatraining.blob.core.windows.net:443/i-6dcb55bd18e2406ab6c2af2c261459e0/i-e9595d063cd94a43b54029403cb0cb5d?sv=2019-12-12&se=2021-05-08T08%3A03%3A13Z&sr=b&sp=r&sig=5sZDIixEOEyUmWaO83qJH6uvWmNG46xnMOGo0F8FKRs%3D,574,423,30,56,0.6424581,0.58852,0.03463687,0.07777778
10,None,prostate,https://irisprodseatraining.blob.core.windows.net:443/i-6dcb55bd18e2406ab6c2af2c261459e0/i-e9595d063cd94a43b54029403cb0cb5d?sv=2019-12-12&se=2021-05-08T08%3A03%3A13Z&sr=b&sp=r&sig=5sZDIixEOEyUmWaO83qJH6uvWmNG46xnMOGo0F8FKRs%3D,529,467,43,28,0.5910615,0.6496311,0.048044693,0.03888889
11,None,prostate,https://irisprodseatraining.blob.core.windows.net:443/i-6dcb55bd18e2406ab6c2af2c261459e0/i-9b5f8f0a157f4af1a81f53b32c9d0d06?sv=2019-12-12&se=2021-05-08T08%3A03%3A13Z&sr=b&sp=r&sig=KWokaDJTJnDKavrGvpA2gLUm1IGOt%2BrkIV%2FmvDknzBA%3D,565,432,37,36,0.6331096,0.60102,0.042505592,0.05
12,None,prostate,https://irisprodseatraining.blob.core.windows.net:443/i-6dcb55bd18e2406ab6c2af2c261459e0/i-ea1f9a637fff4ab8a2660bc1095a190f?sv=2019-12-12&se=2021-05-08T08%3A03%3A13Z&sr=b&sp=r&sig=xnP7JQQ1ezSWAVn131n91NO7xEIuj2ixCNaHss%2BO9sE%3D,398,437,42,24,0.44519016,0.6079644,0.046979867,0.033333335
13,None,prostate,https://irisprodseatraining.blob.core.windows.net:443/i-6dcb55bd18e2406ab6c2af2c261459e0/i-8c58f2e9bf4c4f76aa887b876052ada6?sv=2019-12-12&se=2021-05-08T08%3A03%3A13Z&sr=b&sp=r&sig=zktcg9PehplPXqvLf4LAP5XvXypU1X34BYcaxtg4WEk%3D,520,345,26,47,0.58277404,0.48018664,0.030201342,0.06527778
14,None,prostate,https://irisprodseatraining.blob.core.windows.net:443/i-6dcb55bd18e2406ab6c2af2c261459e0/i-b81cc750e0134e908fd9ce38827418f4?sv=2019-12-12&se=2021-05-08T08%3A03%3A13Z&sr=b&sp=r&sig=a6lZ3hxmrICR%2Bje1vSwhaRii7IjNa%2BLIV%2BUQTm6BZRA%3D,529,356,30,42,0.5910615,0.4954644,0.033519555,0.059722222
15,None,prostate,https://irisprodseatraining.blob.core.windows.net:443/i-6dcb55bd18e2406ab6c2af2c261459e0/i-c22c225f41ea4fb5aa9629a279501cdc?sv=2019-12-12&se=2021-05-08T08%3A03%3A13Z&sr=b&sp=r&sig=ySVDJfcJasJqsBvo6aXjFxKYkJHv%2BdOXBBnYkpYvxns%3D,489,352,38,50,0.547486,0.48990884,0.043575417,0.06944445
16,None,prostate,https://irisprodseatraining.blob.core.windows.net:443/i-6dcb55bd18e2406ab6c2af2c261459e0/i-6941924d2398413ca6efb4dee693046c?sv=2019-12-12&se=2021-05-08T08%3A03%3A13Z&sr=b&sp=r&sig=gRmgjvs3s3laQa78cg8d0Fs2RJYYvZNoIL%2B7uzuRyow%3D,361,281,37,31,0.4049217,0.39129776,0.042505592,0.043055557
17,None,prostate,https://irisprodseatraining.blob.core.windows.net:443/i-6dcb55bd18e2406ab6c2af2c261459e0/i-a6bf9014587e4674a27974522df48203?sv=2019-12-12&se=2021-05-08T08%3A03%3A13Z&sr=b&sp=r&sig=q77YsI9%2F9whaO4rZ6py%2BhtcHVYCIcmDnxmWQ8zvpSpQ%3D,447,348,29,30,0.50111854,0.4843533,0.03243848,0.041666668
18,None,prostate,https://irisprodseatraining.blob.core.windows.net:443/i-6dcb55bd18e2406ab6c2af2c261459e0/i-843fd76652ba4c1aa66a24ddd6300a76?sv=2019-12-12&se=2021-05-08T08%3A03%3A13Z&sr=b&sp=r&sig=vf7K2kSvQO97DXqmxtsvyXbp%2BViwb6%2Fx2Y2fEXopzUI%3D,444,347,21,26,0.49776286,0.4829644,0.023489933,0.036111113
19,None,prostate,https://irisprodseatraining.blob.core.windows.net:443/i-6dcb55bd18e2406ab6c2af2c261459e0/i-2e331e77e09f43f9a8a6e5fbf74fcdf1?sv=2019-12-12&se=2021-05-08T08%3A03%3A13Z&sr=b&sp=r&sig=m9eMfIBbK7lM%2FosrjxPdBOYtVFfKVIt8DdNI8yf%2F%2FrA%3D,468,326,59,28,0.5246085,0.45379776,0.06599553,0.03888889
20,None,prostate,https://irisprodseatraining.blob.core.windows.net:443/i-6dcb55bd18e2406ab6c2af2c261459e0/i-2e331e77e09f43f9a8a6e5fbf74fcdf1?sv=2019-12-12&se=2021-05-08T08%3A03%3A13Z&sr=b&sp=r&sig=m9eMfIBbK7lM%2FosrjxPdBOYtVFfKVIt8DdNI8yf%2F%2FrA%3D,387,292,51,52,0.43288592,0.40657553,0.058165547,0.07361111
21,None,prostate,https://irisprodseatraining.blob.core.windows.net:443/i-6dcb55bd18e2406ab6c2af2c261459e0/i-812d845537fd437d80894f0a056fdd54?sv=2019-12-12&se=2021-05-08T08%3A03%3A13Z&sr=b&sp=r&sig=2qfXUoWEykbWWnuCMYN5hGG4AccG2dElv3%2BhVtaPsYk%3D,464,324,25,34,0.5201342,0.45101997,0.027964206,0.047222223
22,None,prostate,https://irisprodseatraining.blob.core.windows.net:443/i-6dcb55bd18e2406ab6c2af2c261459e0/i-867b6963274d43418230ef43909fd235?sv=2019-12-12&se=2021-05-08T08%3A03%3A13Z&sr=b&sp=r&sig=DRRkmWPoAJisas6aNTCjuEGu0Ms1FRUwQiPYtbkVKHk%3D,470,396,53,50,0.5257271,0.55101997,0.059284117,0.06944445
23,None,prostate,https://irisprodseatraining.blob.core.windows.net:443/i-6dcb55bd18e2406ab6c2af2c261459e0/i-dbdb3a66f55b4294aa918c4249a547be?sv=2019-12-12&se=2021-05-08T08%3A03%3A13Z&sr=b&sp=r&sig=Ebs%2BSvp2PoLB5XhWY43LVuPFRm%2BlniqTc7fVzAZ7vQk%3D,295,383,29,30,0.32997763,0.5329644,0.033557046,0.041666668
24,None,prostate,https://irisprodseatraining.blob.core.windows.net:443/i-6dcb55bd18e2406ab6c2af2c261459e0/i-c57e7c265c51442c9806c8525d47252c?sv=2019-12-12&se=2021-05-08T08%3A03%3A13Z&sr=b&sp=r&sig=i1hVi3iBFMMIMkEUcZEPXz7lz1ija4t8l9wEHbr%2Fu38%3D,351,299,32,47,0.39261746,0.41629773,0.03691275,0.06527778
25,None,prostate,https://irisprodseatraining.blob.core.windows.net:443/i-6dcb55bd18e2406ab6c2af2c261459e0/i-51577a395fe44df9a093033b2da44d3b?sv=2019-12-12&se=2021-05-08T08%3A03%3A13Z&sr=b&sp=r&sig=c8aqykY8MYsd7dEr3nLqG8sS8UX641HCDqkJhkn4N3g%3D,478,334,53,23,0.5351955,0.46490887,0.059217878,0.031944446
26,None,prostate,https://irisprodseatraining.blob.core.windows.net:443/i-6dcb55bd18e2406ab6c2af2c261459e0/i-8f637b5b80784ee6bda2b58c4f554af0?sv=2019-12-12&se=2021-05-08T08%3A03%3A13Z&sr=b&sp=r&sig=z1%2FzynauBYRx04kve2O5yn8p2EwDDIIOzjk4ydbLUaA%3D,516,270,18,26,0.57829976,0.37601995,0.021252796,0.036111113
27,None,prostate,https://irisprodseatraining.blob.core.windows.net:443/i-6dcb55bd18e2406ab6c2af2c261459e0/i-9d0f78dfad0b42dcabf38ff693dcf642?sv=2019-12-12&se=2021-05-08T08%3A03%3A13Z&sr=b&sp=r&sig=rxLcH4thekQ1j8l%2Fd4fteZJM99OjSXLPyIBDYzTuFP4%3D,485,293,37,33,0.54362416,0.4079644,0.042505592,0.045833334
28,None,prostate,https://irisprodseatraining.blob.core.windows.net:443/i-6dcb55bd18e2406ab6c2af2c261459e0/i-f580fb091a564c6685334965ddf320d0?sv=2019-12-12&se=2021-05-08T08%3A03%3A13Z&sr=b&sp=r&sig=i4emwAlryQ1lHCY2iStdJqA%2FRZeoXBUFnluhJNfwRmY%3D,361,336,20,35,0.4049217,0.46768662,0.022371365,0.048611112
29,None,prostate,https://irisprodseatraining.blob.core.windows.net:443/i-6dcb55bd18e2406ab6c2af2c261459e0/i-5a5d7025786c4d459c3126123a3e476f?sv=2019-12-12&se=2021-05-08T08%3A03%3A13Z&sr=b&sp=r&sig=gireX83PlEO%2BJ3UqX0FQTxrC%2BCcCVV39969VoSorDfk%3D,349,317,21,47,0.39038032,0.44129774,0.0246085,0.06527778
30,None,prostate,https://irisprodseatraining.blob.core.windows.net:443/i-6dcb55bd18e2406ab6c2af2c261459e0/i-38ee6e367af8440ab9d592b72d538bcb?sv=2019-12-12&se=2021-05-08T08%3A03%3A13Z&sr=b&sp=r&sig=bR2nRu63%2B2JzuGsbHZt7hF0UJ37BAsi70WOUJLhrebo%3D,350,322,32,19,0.3914989,0.4482422,0.035794184,0.02638889
31,None,prostate,https://irisprodseatraining.blob.core.windows.net:443/i-6dcb55bd18e2406ab6c2af2c261459e0/i-fc5f7385dd584660a4a875f6af7f4fd4?sv=2019-12-12&se=2021-05-08T08%3A03%3A13Z&sr=b&sp=r&sig=GGwdreYx3nefiafhqMDi%2BdYGJ8EWAX4YSwVCmlGlQuw%3D,357,313,18,22,0.3988827,0.4357422,0.020111732,0.030555556
32,None,prostate,https://irisprodseatraining.blob.core.windows.net:443/i-6dcb55bd18e2406ab6c2af2c261459e0/i-ba2fcff2cc4e4063ae2270a064ff283c?sv=2019-12-12&se=2021-05-08T08%3A03%3A13Z&sr=b&sp=r&sig=DhCwBdnWd%2BjeCnaoSvE6%2BC0M3JkhhCteM8sNtmn9tRU%3D,354,319,26,22,0.39709172,0.44407552,0.030201342,0.030555556
33,None,prostate,https://irisprodseatraining.blob.core.windows.net:443/i-6dcb55bd18e2406ab6c2af2c261459e0/i-a64b709ec6f34c3bac2fe3c08b10d36d?sv=2019-12-12&se=2021-05-08T08%3A03%3A13Z&sr=b&sp=r&sig=RhOZzzZoYV2Ve7lyihFHarlJZZLmIctnkuQJaR42iuI%3D,540,252,46,59,0.6031215,0.35004762,0.051282052,0.081717454
34,None,prostate,https://irisprodseatraining.blob.core.windows.net:443/i-6dcb55bd18e2406ab6c2af2c261459e0/i-d3ae458fc40a489da11b8285f634e9f4?sv=2019-12-12&se=2021-05-08T08%3A03%3A13Z&sr=b&sp=r&sig=BWC445a2L6G3mePGLvHm7Rym5gDzsuRxx7sISLOdUFQ%3D,524,287,80,27,0.5872483,0.39963108,0.08948546,0.0375
35,None,prostate,https://irisprodseatraining.blob.core.windows.net:443/i-6dcb55bd18e2406ab6c2af2c261459e0/i-1726dd6480674da5947e450e67401c13?sv=2019-12-12&se=2021-05-08T08%3A03%3A13Z&sr=b&sp=r&sig=CDiCCjYEX5lf9b%2B%2B5JfKt%2FRs%2BCo%2Fu63C36jLLQWNxJg%3D,402,215,68,25,0.44966444,0.2996311,0.07606264,0.034722224
36,None,prostate,https://irisprodseatraining.blob.core.windows.net:443/i-6dcb55bd18e2406ab6c2af2c261459e0/i-d92a1a92b503472ebd8ebad45aa52f5d?sv=2019-12-12&se=2021-05-08T08%3A03%3A13Z&sr=b&sp=r&sig=9Y7DhDTNJzRE5VAWG%2Ft2lEvK7xeFJ9TY%2Ffgv5suyNPs%3D,451,265,69,54,0.5044743,0.3690755,0.078299776,0.075
37,None,prostate,https://irisprodseatraining.blob.core.windows.net:443/i-6dcb55bd18e2406ab6c2af2c261459e0/i-d92a1a92b503472ebd8ebad45aa52f5d?sv=2019-12-12&se=2021-05-08T08%3A03%3A13Z&sr=b&sp=r&sig=9Y7DhDTNJzRE5VAWG%2Ft2lEvK7xeFJ9TY%2Ffgv5suyNPs%3D,410,254,39,48,0.45861298,0.35379773,0.043624163,0.068055555
38,None,prostate,https://irisprodseatraining.blob.core.windows.net:443/i-6dcb55bd18e2406ab6c2af2c261459e0/i-d92a1a92b503472ebd8ebad45aa52f5d?sv=2019-12-12&se=2021-05-08T08%3A03%3A13Z&sr=b&sp=r&sig=9Y7DhDTNJzRE5VAWG%2Ft2lEvK7xeFJ9TY%2Ffgv5suyNPs%3D,387,311,40,35,0.43288592,0.4329644,0.045861296,0.048611112
39,None,prostate,https://irisprodseatraining.blob.core.windows.net:443/i-6dcb55bd18e2406ab6c2af2c261459e0/i-1d9b5913f50541afab8062772be301a2?sv=2019-12-12&se=2021-05-08T08%3A03%3A13Z&sr=b&sp=r&sig=RNIo8vaC550qdfUg2UReQDTRRns8cGJCqWxpByAPh84%3D,461,295,68,39,0.5167785,0.4107422,0.07606264,0.054166667
40,None,prostate,https://irisprodseatraining.blob.core.windows.net:443/i-6dcb55bd18e2406ab6c2af2c261459e0/i-1d9b5913f50541afab8062772be301a2?sv=2019-12-12&se=2021-05-08T08%3A03%3A13Z&sr=b&sp=r&sig=RNIo8vaC550qdfUg2UReQDTRRns8cGJCqWxpByAPh84%3D,470,261,42,30,0.5257271,0.36351997,0.048098434,0.041666668
41,None,prostate,https://irisprodseatraining.blob.core.windows.net:443/i-6dcb55bd18e2406ab6c2af2c261459e0/i-c439756fbceb4c37972592ee8a6174e8?sv=2019-12-12&se=2021-05-08T08%3A03%3A13Z&sr=b&sp=r&sig=QftyckmsbawStaUxJvRZyai37YUpRj3XYFPo%2FOSg7NA%3D,370,300,40,32,0.41340783,0.41768664,0.045810055,0.044444446
42,None,prostate,https://irisprodseatraining.blob.core.windows.net:443/i-6dcb55bd18e2406ab6c2af2c261459e0/i-34ffd9f9d183427097227414572d66a4?sv=2019-12-12&se=2021-05-08T08%3A03%3A13Z&sr=b&sp=r&sig=UVO3gwQv6nh%2BnQwZBuoxlQhBoZYmimVindZ%2FO8UFSv0%3D,389,215,43,27,0.4362416,0.2996311,0.049217,0.0375
43,None,prostate,https://irisprodseatraining.blob.core.windows.net:443/i-6dcb55bd18e2406ab6c2af2c261459e0/i-34ffd9f9d183427097227414572d66a4?sv=2019-12-12&se=2021-05-08T08%3A03%3A13Z&sr=b&sp=r&sig=UVO3gwQv6nh%2BnQwZBuoxlQhBoZYmimVindZ%2FO8UFSv0%3D,475,291,58,54,0.53243846,0.40518662,0.06487696,0.075
44,None,prostate,https://irisprodseatraining.blob.core.windows.net:443/i-6dcb55bd18e2406ab6c2af2c261459e0/i-e6e118192d7e4ac38da6b211033fe58b?sv=2019-12-12&se=2021-05-08T08%3A03%3A13Z&sr=b&sp=r&sig=XrClidzZzJ0sNBSySrmBDgSegoyxQsGBarEhU3Lsu6A%3D,395,346,31,31,0.44295302,0.48157552,0.034675617,0.043055557
45,None,prostate,https://irisprodseatraining.blob.core.windows.net:443/i-6dcb55bd18e2406ab6c2af2c261459e0/i-c0a7919afa344a8eab0eec52d3f32f13?sv=2019-12-12&se=2021-05-08T08%3A03%3A13Z&sr=b&sp=r&sig=kldb%2F%2FkuWsscw63JRp3cS2x4Tjdc%2F3R8Yr6CnEz0UO0%3D,410,348,51,22,0.45861298,0.4843533,0.058165547,0.030555556
46,None,prostate,https://irisprodseatraining.blob.core.windows.net:443/i-6dcb55bd18e2406ab6c2af2c261459e0/i-c0a7919afa344a8eab0eec52d3f32f13?sv=2019-12-12&se=2021-05-08T08%3A03%3A13Z&sr=b&sp=r&sig=kldb%2F%2FkuWsscw63JRp3cS2x4Tjdc%2F3R8Yr6CnEz0UO0%3D,496,303,20,56,0.5559284,0.4218533,0.022371365,0.079166666
47,None,prostate,https://irisprodseatraining.blob.core.windows.net:443/i-6dcb55bd18e2406ab6c2af2c261459e0/i-c0a7919afa344a8eab0eec52d3f32f13?sv=2019-12-12&se=2021-05-08T08%3A03%3A13Z&sr=b&sp=r&sig=kldb%2F%2FkuWsscw63JRp3cS2x4Tjdc%2F3R8Yr6CnEz0UO0%3D,464,330,29,37,0.5201342,0.4593533,0.033557046,0.05138889
48,None,prostate,https://irisprodseatraining.blob.core.windows.net:443/i-6dcb55bd18e2406ab6c2af2c261459e0/i-1aac0067a38e4f0cb1a24161ce19787b?sv=2019-12-12&se=2021-05-08T08%3A03%3A13Z&sr=b&sp=r&sig=hQcm7IRZ5DrqGS5hYA82Vk0Qr4s88tmgp5ibRwfVcRw%3D,460,334,31,42,0.51282054,0.46362102,0.034559645,0.059556786
49,None,prostate,https://irisprodseatraining.blob.core.windows.net:443/i-6dcb55bd18e2406ab6c2af2c261459e0/i-1aac0067a38e4f0cb1a24161ce19787b?sv=2019-12-12&se=2021-05-08T08%3A03%3A13Z&sr=b&sp=r&sig=hQcm7IRZ5DrqGS5hYA82Vk0Qr4s88tmgp5ibRwfVcRw%3D,398,363,38,21,0.44481605,0.5037872,0.042363435,0.030470913
50,None,prostate,https://irisprodseatraining.blob.core.windows.net:443/i-6dcb55bd18e2406ab6c2af2c261459e0/i-1aac0067a38e4f0cb1a24161ce19787b?sv=2019-12-12&se=2021-05-08T08%3A03%3A13Z&sr=b&sp=r&sig=hQcm7IRZ5DrqGS5hYA82Vk0Qr4s88tmgp5ibRwfVcRw%3D,492,329,31,35,0.548495,0.45669582,0.03567447,0.049861494
51,None,prostate,https://irisprodseatraining.blob.core.windows.net:443/i-6dcb55bd18e2406ab6c2af2c261459e0/i-a8f6527ee4fc4c5aa93f76501826c0c8?sv=2019-12-12&se=2021-05-08T08%3A03%3A13Z&sr=b&sp=r&sig=Q%2FhASAxfJrOAmYLiQ6D%2BQnhPYiY3faXMblpKCiuKfpM%3D,482,319,32,42,0.5391499,0.44407552,0.03691275,0.059722222
52,None,prostate,https://irisprodseatraining.blob.core.windows.net:443/i-6dcb55bd18e2406ab6c2af2c261459e0/i-a8f6527ee4fc4c5aa93f76501826c0c8?sv=2019-12-12&se=2021-05-08T08%3A03%3A13Z&sr=b&sp=r&sig=Q%2FhASAxfJrOAmYLiQ6D%2BQnhPYiY3faXMblpKCiuKfpM%3D,457,339,18,24,0.51230425,0.4718533,0.021252796,0.033333335
53,None,prostate,https://irisprodseatraining.blob.core.windows.net:443/i-6dcb55bd18e2406ab6c2af2c261459e0/i-77a579cf2afa4e849e847a1e3a70f64b?sv=2019-12-12&se=2021-05-08T08%3A03%3A13Z&sr=b&sp=r&sig=34X7YZlBXilM%2FVtqQUaDFenl8ZBnhibeMBLnm7WEMLI%3D,482,313,27,46,0.5391499,0.4357422,0.03131991,0.06388889
54,None,prostate,https://irisprodseatraining.blob.core.windows.net:443/i-6dcb55bd18e2406ab6c2af2c261459e0/i-aa7396af1bd54964a270f1d8fc248719?sv=2019-12-12&se=2021-05-08T08%3A03%3A13Z&sr=b&sp=r&sig=Umz3H6iNfHBZxaWcS9ccBaLxUOVCYvgKqYxrsFfwZHE%3D,403,332,32,41,0.45190156,0.46213108,0.03691275,0.056944445
55,None,prostate,https://irisprodseatraining.blob.core.windows.net:443/i-6dcb55bd18e2406ab6c2af2c261459e0/i-aa7396af1bd54964a270f1d8fc248719?sv=2019-12-12&se=2021-05-08T08%3A03%3A13Z&sr=b&sp=r&sig=Umz3H6iNfHBZxaWcS9ccBaLxUOVCYvgKqYxrsFfwZHE%3D,381,311,21,40,0.4261745,0.4329644,0.0246085,0.055555556
56,None,prostate,https://irisprodseatraining.blob.core.windows.net:443/i-6dcb55bd18e2406ab6c2af2c261459e0/i-357f20714bb54c4aadcf0f0033a17890?sv=2019-12-12&se=2021-05-08T08%3A03%3A13Z&sr=b&sp=r&sig=pU3MEJHocSvlWLb%2FOjkD0YHtG8DRefmJrHKame30PZs%3D,442,377,40,39,0.49552572,0.5246311,0.045861296,0.054166667
57,None,prostate,https://irisprodseatraining.blob.core.windows.net:443/i-6dcb55bd18e2406ab6c2af2c261459e0/i-357f20714bb54c4aadcf0f0033a17890?sv=2019-12-12&se=2021-05-08T08%3A03%3A13Z&sr=b&sp=r&sig=pU3MEJHocSvlWLb%2FOjkD0YHtG8DRefmJrHKame30PZs%3D,360,401,82,52,0.40268457,0.5579644,0.09284116,0.072222225
58,None,prostate,https://irisprodseatraining.blob.core.windows.net:443/i-6dcb55bd18e2406ab6c2af2c261459e0/i-357f20714bb54c4aadcf0f0033a17890?sv=2019-12-12&se=2021-05-08T08%3A03%3A13Z&sr=b&sp=r&sig=pU3MEJHocSvlWLb%2FOjkD0YHtG8DRefmJrHKame30PZs%3D,348,356,81,40,0.38926175,0.4954644,0.09060403,0.055555556
59,None,prostate,https://irisprodseatraining.blob.core.windows.net:443/i-6dcb55bd18e2406ab6c2af2c261459e0/i-1a1c9d142a2e4ea8bdc33358c9355880?sv=2019-12-12&se=2021-05-08T08%3A03%3A13Z&sr=b&sp=r&sig=1cxOvM5TjaesvJbJ1JJE5TeAjkYicLqjEDd5AmAofvQ%3D,372,322,34,48,0.4161074,0.4482422,0.039149888,0.068055555
60,None,prostate,https://irisprodseatraining.blob.core.windows.net:443/i-6dcb55bd18e2406ab6c2af2c261459e0/i-1a1c9d142a2e4ea8bdc33358c9355880?sv=2019-12-12&se=2021-05-08T08%3A03%3A13Z&sr=b&sp=r&sig=1cxOvM5TjaesvJbJ1JJE5TeAjkYicLqjEDd5AmAofvQ%3D,373,414,72,23,0.41722596,0.57601994,0.08165548,0.031944446
61,None,prostate,https://irisprodseatraining.blob.core.windows.net:443/i-6dcb55bd18e2406ab6c2af2c261459e0/i-fbdd306392d94d8ca8e4a65664d18bc8?sv=2019-12-12&se=2021-05-08T08%3A03%3A13Z&sr=b&sp=r&sig=BShkoireGHGAOIACdoZr6ldE9iVlNEpspTIYB8PV9II%3D,381,396,53,37,0.42729306,0.55101997,0.059284117,0.05138889
62,None,prostate,https://irisprodseatraining.blob.core.windows.net:443/i-6dcb55bd18e2406ab6c2af2c261459e0/i-fbdd306392d94d8ca8e4a65664d18bc8?sv=2019-12-12&se=2021-05-08T08%3A03%3A13Z&sr=b&sp=r&sig=BShkoireGHGAOIACdoZr6ldE9iVlNEpspTIYB8PV9II%3D,451,390,31,40,0.5044743,0.54268664,0.034675617,0.055555556
63,None,prostate,https://irisprodseatraining.blob.core.windows.net:443/i-6dcb55bd18e2406ab6c2af2c261459e0/i-afcc0cc6687c47f88e1d8c8c7f537365?sv=2019-12-12&se=2021-05-08T08%3A03%3A13Z&sr=b&sp=r&sig=sqepyXdP90gQ%2FUq%2BmdO9siTGYQAIoUhkI8bStdiFr2c%3D,468,282,51,52,0.5246085,0.39268664,0.058165547,0.07361111
64,None,prostate,https://irisprodseatraining.blob.core.windows.net:443/i-6dcb55bd18e2406ab6c2af2c261459e0/i-e4e0ab78ba394c0180b59ef9e8d8c278?sv=2019-12-12&se=2021-05-08T08%3A03%3A13Z&sr=b&sp=r&sig=NiPkoJOeQMMYbUh6vwmURMNU54Wkd4v5Jc2%2FKR9pjVA%3D,477,364,44,34,0.5346756,0.5065755,0.05033557,0.047222223
65,None,prostate,https://irisprodseatraining.blob.core.windows.net:443/i-6dcb55bd18e2406ab6c2af2c261459e0/i-98afd54c59974d87a9c177e64a1ab50b?sv=2019-12-12&se=2021-05-08T08%3A03%3A13Z&sr=b&sp=r&sig=EsZhlZwbJ4U%2Ffq4V2jviQcwAzCBniHW4%2BP80wVZkbo4%3D,381,355,35,39,0.4261745,0.4940755,0.040268455,0.054166667
66,None,prostate,https://irisprodseatraining.blob.core.windows.net:443/i-6dcb55bd18e2406ab6c2af2c261459e0/i-af2f7d54f4e44aa69205aaac623e1a9e?sv=2019-12-12&se=2021-05-08T08%3A03%3A13Z&sr=b&sp=r&sig=VPctp0aNEcMyEqitXdhmlN8VkNmecTqEojhv%2FlcXDKs%3D,474,381,32,34,0.5313199,0.53018665,0.035794184,0.047222223
67,None,prostate,https://irisprodseatraining.blob.core.windows.net:443/i-6dcb55bd18e2406ab6c2af2c261459e0/i-50721ae3e7634e4b9e191ca0c0e1678c?sv=2019-12-12&se=2021-05-08T08%3A03%3A37Z&sr=b&sp=r&sig=5qZ5z9%2BkgmiVjGDaMOmqI8kUduBRAkYgIaLC4xSPldY%3D,449,345,27,36,0.5033557,0.48018664,0.03131991,0.05
68,None,prostate,https://irisprodseatraining.blob.core.windows.net:443/i-6dcb55bd18e2406ab6c2af2c261459e0/i-e8ef23a7f8d14808acc4f54d9508459e?sv=2019-12-12&se=2021-05-08T08%3A03%3A37Z&sr=b&sp=r&sig=J1xHppMOsgTCtCAuBm9rj%2BnH7wefA729gxkOB1BZDyw%3D,413,386,42,22,0.4619687,0.5371311,0.048098434,0.030555556
69,None,prostate,https://irisprodseatraining.blob.core.windows.net:443/i-6dcb55bd18e2406ab6c2af2c261459e0/i-e8ef23a7f8d14808acc4f54d9508459e?sv=2019-12-12&se=2021-05-08T08%3A03%3A37Z&sr=b&sp=r&sig=J1xHppMOsgTCtCAuBm9rj%2BnH7wefA729gxkOB1BZDyw%3D,473,388,45,27,0.5302013,0.5399088,0.051454138,0.0375
70,None,prostate,https://irisprodseatraining.blob.core.windows.net:443/i-6dcb55bd18e2406ab6c2af2c261459e0/i-1654cab5edf54cad9799a39b8c96e7ec?sv=2019-12-12&se=2021-05-08T08%3A03%3A37Z&sr=b&sp=r&sig=a8ZZhShUx%2B2St5ebFhSltPGh0832ZtUsnz3jGXT2vLM%3D,462,396,43,32,0.515625,0.5502557,0.04910714,0.044382803
71,None,prostate,https://irisprodseatraining.blob.core.windows.net:443/i-6dcb55bd18e2406ab6c2af2c261459e0/i-ce9a5b7d1e0742438dfebaf1bfd1cd4e?sv=2019-12-12&se=2021-05-08T08%3A03%3A37Z&sr=b&sp=r&sig=iyW2AHp1rkpl90Ax%2BuhFMLdDHnXlQwYXGAWMtoZKS4M%3D,457,362,40,32,0.5111857,0.50379777,0.04474273,0.044444446
72,None,prostate,https://irisprodseatraining.blob.core.windows.net:443/i-6dcb55bd18e2406ab6c2af2c261459e0/i-ce9a5b7d1e0742438dfebaf1bfd1cd4e?sv=2019-12-12&se=2021-05-08T08%3A03%3A37Z&sr=b&sp=r&sig=iyW2AHp1rkpl90Ax%2BuhFMLdDHnXlQwYXGAWMtoZKS4M%3D,473,298,71,52,0.5290828,0.41490886,0.07941835,0.072222225
73,None,prostate,https://irisprodseatraining.blob.core.windows.net:443/i-6dcb55bd18e2406ab6c2af2c261459e0/i-b9b7197d0d2f4818a4f53366ac36321f?sv=2019-12-12&se=2021-05-08T08%3A03%3A37Z&sr=b&sp=r&sig=K2C4CcnUWL5OF%2FejeRB3CxIfZXrJwZO3J8YXJo%2BwEVo%3D,474,309,74,45,0.52960896,0.43018663,0.08268157,0.0625
74,None,prostate,https://irisprodseatraining.blob.core.windows.net:443/i-6dcb55bd18e2406ab6c2af2c261459e0/i-b9b7197d0d2f4818a4f53366ac36321f?sv=2019-12-12&se=2021-05-08T08%3A03%3A37Z&sr=b&sp=r&sig=K2C4CcnUWL5OF%2FejeRB3CxIfZXrJwZO3J8YXJo%2BwEVo%3D,455,362,43,38,0.5083799,0.50379777,0.04916201,0.05277778
75,None,prostate,https://irisprodseatraining.blob.core.windows.net:443/i-6dcb55bd18e2406ab6c2af2c261459e0/i-e10bd90990fc404ab65b951680502c6b?sv=2019-12-12&se=2021-05-08T08%3A03%3A37Z&sr=b&sp=r&sig=tGzzKXzKySXd7nPyjglkcijObT6R%2FJU2zTB0xIxs7nY%3D,439,362,74,68,0.49105147,0.50379777,0.08277405,0.094444446
76,None,prostate,https://irisprodseatraining.blob.core.windows.net:443/i-6dcb55bd18e2406ab6c2af2c261459e0/i-e10bd90990fc404ab65b951680502c6b?sv=2019-12-12&se=2021-05-08T08%3A03%3A37Z&sr=b&sp=r&sig=tGzzKXzKySXd7nPyjglkcijObT6R%2FJU2zTB0xIxs7nY%3D,520,319,48,61,0.58277404,0.44407552,0.054809842,0.08611111
77,None,prostate,https://irisprodseatraining.blob.core.windows.net:443/i-6dcb55bd18e2406ab6c2af2c261459e0/i-852232bce96a4ac9bd0e84ee6e7e195a?sv=2019-12-12&se=2021-05-08T08%3A03%3A37Z&sr=b&sp=r&sig=Hoq9HJCYPpngSApLrIXPoc8DwIldQsh9DVS5v15wZxw%3D,488,323,94,60,0.5458613,0.44963107,0.10626398,0.08472222
78,None,prostate,https://irisprodseatraining.blob.core.windows.net:443/i-6dcb55bd18e2406ab6c2af2c261459e0/i-0d3f9553d3ca413d83547a24fb203d3f?sv=2019-12-12&se=2021-05-08T08%3A03%3A37Z&sr=b&sp=r&sig=tZDzkyxY%2FN83u0LoZS0Yt0DJEjmdeJ52A%2F3p08qYMT4%3D,366,364,40,37,0.41051453,0.5065755,0.045861296,0.05138889
79,None,prostate,https://irisprodseatraining.blob.core.windows.net:443/i-6dcb55bd18e2406ab6c2af2c261459e0/i-f99ae6391cd94ddfbdb2005ffc4e5920?sv=2019-12-12&se=2021-05-08T08%3A03%3A37Z&sr=b&sp=r&sig=S3fN7f6tphGApqDPk%2BnW4v5htvYid2Z8KaoJj49PUKM%3D,468,283,51,46,0.52348995,0.3940755,0.058165547,0.06388889
80,None,prostate,https://irisprodseatraining.blob.core.windows.net:443/i-6dcb55bd18e2406ab6c2af2c261459e0/i-f99ae6391cd94ddfbdb2005ffc4e5920?sv=2019-12-12&se=2021-05-08T08%3A03%3A37Z&sr=b&sp=r&sig=S3fN7f6tphGApqDPk%2BnW4v5htvYid2Z8KaoJj49PUKM%3D,410,242,65,31,0.45861298,0.33713108,0.0738255,0.043055557
81,None,prostate,https://irisprodseatraining.blob.core.windows.net:443/i-6dcb55bd18e2406ab6c2af2c261459e0/i-e8ddbedaeced41eeabd5943df3888afb?sv=2019-12-12&se=2021-05-08T08%3A03%3A37Z&sr=b&sp=r&sig=79IbCR2k5667wNV4kdhSzZtj5huOiALS%2BmwjPcaOaI4%3D,470,286,52,64,0.5251397,0.39824218,0.05810056,0.090277776
82,None,prostate,https://irisprodseatraining.blob.core.windows.net:443/i-6dcb55bd18e2406ab6c2af2c261459e0/i-e8ddbedaeced41eeabd5943df3888afb?sv=2019-12-12&se=2021-05-08T08%3A03%3A37Z&sr=b&sp=r&sig=79IbCR2k5667wNV4kdhSzZtj5huOiALS%2BmwjPcaOaI4%3D,390,244,58,88,0.4368715,0.33990887,0.06480447,0.12361111
83,None,prostate,https://irisprodseatraining.blob.core.windows.net:443/i-6dcb55bd18e2406ab6c2af2c261459e0/i-8a5d0e21d5734ccd91f37cee0837cdbe?sv=2019-12-12&se=2021-05-08T08%3A03%3A37Z&sr=b&sp=r&sig=aDTEjVevY6mX3086Evty6zEclCAlCbV192HYJcmWpYs%3D,392,245,59,66,0.4395973,0.34129775,0.06599553,0.093055554
84,None,prostate,https://irisprodseatraining.blob.core.windows.net:443/i-6dcb55bd18e2406ab6c2af2c261459e0/i-8a5d0e21d5734ccd91f37cee0837cdbe?sv=2019-12-12&se=2021-05-08T08%3A03%3A37Z&sr=b&sp=r&sig=aDTEjVevY6mX3086Evty6zEclCAlCbV192HYJcmWpYs%3D,353,331,47,39,0.39597315,0.46074218,0.05257271,0.054166667
85,None,prostate,https://irisprodseatraining.blob.core.windows.net:443/i-6dcb55bd18e2406ab6c2af2c261459e0/i-669438f42a7d428a898ef1e996063d5e?sv=2019-12-12&se=2021-05-08T08%3A03%3A37Z&sr=b&sp=r&sig=5V5Mr1z0f4T0Wz6HCtZdyRnqq9DDG5qyLC7vjX6tFzo%3D,404,244,87,68,0.45251396,0.33990887,0.09832402,0.09583333
86,None,prostate,https://irisprodseatraining.blob.core.windows.net:443/i-6dcb55bd18e2406ab6c2af2c261459e0/i-5e233d4f830740a1a6df2182a87fe952?sv=2019-12-12&se=2021-05-08T08%3A03%3A37Z&sr=b&sp=r&sig=a6HF%2BU%2FS8cdm5MIIjjvL7pBQbL73fb%2BmejZs7aeEDjY%3D,418,253,71,39,0.46868008,0.35240886,0.07941835,0.054166667
87,None,prostate,https://irisprodseatraining.blob.core.windows.net:443/i-6dcb55bd18e2406ab6c2af2c261459e0/i-eb17b723db7547bc9cabc1ed019dc711?sv=2019-12-12&se=2021-05-08T08%3A03%3A37Z&sr=b&sp=r&sig=oWdEYxJA7L2ZTXhzTA4vcKnNGXt8HXSSljzaMOokfsA%3D,423,267,75,24,0.47315437,0.3718533,0.085011184,0.033333335
88,None,prostate,https://irisprodseatraining.blob.core.windows.net:443/i-6dcb55bd18e2406ab6c2af2c261459e0/i-5c1ede411e5140af93b74ee2f5532ff2?sv=2019-12-12&se=2021-05-08T08%3A03%3A37Z&sr=b&sp=r&sig=gu9SM4uoeNQewNRk19SniB0SEGEXbrkL09foF%2BeHSwU%3D,488,360,29,31,0.5458613,0.50101995,0.03243848,0.043055557
89,None,prostate,https://irisprodseatraining.blob.core.windows.net:443/i-6dcb55bd18e2406ab6c2af2c261459e0/i-04a0b44c33fc4138bcb63c6f0956b8f8?sv=2019-12-12&se=2021-05-08T08%3A03%3A37Z&sr=b&sp=r&sig=SEFYnKweZTcA%2Burpl5UBukB%2BukjNLleWarhoWfo3a0M%3D,340,389,34,32,0.3803132,0.54129773,0.03803132,0.044444446
90,None,prostate,https://irisprodseatraining.blob.core.windows.net:443/i-6dcb55bd18e2406ab6c2af2c261459e0/i-f1fd51f2dcfc4409a748f7095c9ebd33?sv=2019-12-12&se=2021-05-08T08%3A03%3A37Z&sr=b&sp=r&sig=GxrlhzwkxvLEF9uGwYJLfgrRXSlOGDiL5L2uRdbVp8g%3D,460,312,55,55,0.5139353,0.43375087,0.062430322,0.0776699
91,None,prostate,https://irisprodseatraining.blob.core.windows.net:443/i-6dcb55bd18e2406ab6c2af2c261459e0/i-9531e5807452463db69b0d6fabe29f79?sv=2019-12-12&se=2021-05-08T08%3A03%3A37Z&sr=b&sp=r&sig=fiptaUcj5VP6ZDX4t5YIaT6voRBCe%2F%2BI7KT91a%2F8Hvs%3D,498,332,55,38,0.557047,0.46213108,0.061521254,0.05277778
92,None,prostate,https://irisprodseatraining.blob.core.windows.net:443/i-6dcb55bd18e2406ab6c2af2c261459e0/i-54a41583584e43e4899db48979048762?sv=2019-12-12&se=2021-05-08T08%3A03%3A37Z&sr=b&sp=r&sig=HZrDHk8InG9mDXjgobm4382U14MvdE8%2Ft9M6WeqS0Ug%3D,493,293,32,82,0.5525727,0.4079644,0.03691275,0.115277775
93,None,prostate,https://irisprodseatraining.blob.core.windows.net:443/i-6dcb55bd18e2406ab6c2af2c261459e0/i-cf3e02403c204f689a7b83e29aa965ce?sv=2019-12-12&se=2021-05-08T08%3A03%3A37Z&sr=b&sp=r&sig=zJaAqwLVX1CiRn4zYocKf5HvYgWLNSQOK2uM6FbhcGM%3D,461,363,68,50,0.5167785,0.5051866,0.077181205,0.07083333
94,None,prostate,https://irisprodseatraining.blob.core.windows.net:443/i-6dcb55bd18e2406ab6c2af2c261459e0/i-cf3e02403c204f689a7b83e29aa965ce?sv=2019-12-12&se=2021-05-08T08%3A03%3A37Z&sr=b&sp=r&sig=zJaAqwLVX1CiRn4zYocKf5HvYgWLNSQOK2uM6FbhcGM%3D,412,388,40,64,0.46085012,0.5399088,0.045861296,0.090277776
95,None,prostate,https://irisprodseatraining.blob.core.windows.net:443/i-6dcb55bd18e2406ab6c2af2c261459e0/i-4df238690e0848e2bccb76b511821001?sv=2019-12-12&se=2021-05-08T08%3A03%3A37Z&sr=b&sp=r&sig=WAdfm6hVGl2KfwtFoWWBDqhcHtTmGTCLV%2BgsHlpbF78%3D,402,404,51,45,0.45078298,0.56213105,0.058165547,0.0625
96,None,prostate,https://irisprodseatraining.blob.core.windows.net:443/i-6dcb55bd18e2406ab6c2af2c261459e0/i-4df238690e0848e2bccb76b511821001?sv=2019-12-12&se=2021-05-08T08%3A03%3A37Z&sr=b&sp=r&sig=WAdfm6hVGl2KfwtFoWWBDqhcHtTmGTCLV%2BgsHlpbF78%3D,461,364,71,45,0.5167785,0.5065755,0.08053691,0.0625
97,None,prostate,https://irisprodseatraining.blob.core.windows.net:443/i-6dcb55bd18e2406ab6c2af2c261459e0/i-c6956bd810b2454586500227775e7912?sv=2019-12-12&se=2021-05-08T08%3A03%3A37Z&sr=b&sp=r&sig=hS%2FYQ%2BqwcUU2XUVbdDvYagpgg0KISDfSggVDZJ4Tv94%3D,488,369,40,50,0.5458613,0.51351994,0.045861296,0.07083333
98,None,prostate,https://irisprodseatraining.blob.core.windows.net:443/i-6dcb55bd18e2406ab6c2af2c261459e0/i-c6956bd810b2454586500227775e7912?sv=2019-12-12&se=2021-05-08T08%3A03%3A37Z&sr=b&sp=r&sig=hS%2FYQ%2BqwcUU2XUVbdDvYagpgg0KISDfSggVDZJ4Tv94%3D,394,400,45,33,0.44183445,0.55657554,0.051454138,0.045833334
99,None,prostate,https://irisprodseatraining.blob.core.windows.net:443/i-6dcb55bd18e2406ab6c2af2c261459e0/i-4ff08403fe244ef59cb1b9325f905082?sv=2019-12-12&se=2021-05-08T08%3A03%3A37Z&sr=b&sp=r&sig=I%2B%2B87MGwXJ2bKEerPErSAFvfWcORGGR3KM2pTh8yOi0%3D,497,402,23,32,0.55530727,0.5593533,0.026815642,0.044444446
100,None,prostate,https://irisprodseatraining.blob.core.windows.net:443/i-6dcb55bd18e2406ab6c2af2c261459e0/i-0bb0ee4debd14b67bc4bac6bd18a2edc?sv=2019-12-12&se=2021-05-08T08%3A03%3A37Z&sr=b&sp=r&sig=VI9FeTBoqMBD1dw56gBnbGV9oIS%2F4znOB02B56AoZUo%3D,494,400,27,35,0.55369127,0.55657554,0.03131991,0.048611112
101,None,prostate,https://irisprodseatraining.blob.core.windows.net:443/i-6dcb55bd18e2406ab6c2af2c261459e0/i-11e1f27804a74d4cb426a491108d6060?sv=2019-12-12&se=2021-05-08T08%3A03%3A37Z&sr=b&sp=r&sig=XzKqCVf9r66cW20pTQaVoUSyQWgrPdZV0Ws5GL2hRPQ%3D,500,427,37,21,0.55915177,0.5932516,0.042410713,0.029126214
102,None,prostate,https://irisprodseatraining.blob.core.windows.net:443/i-6dcb55bd18e2406ab6c2af2c261459e0/i-9b5234b8b3244ec8aeeeb7a5d8c122cb?sv=2019-12-12&se=2021-05-08T08%3A03%3A37Z&sr=b&sp=r&sig=kF72NfTOCUcIFGyYKAuJF%2BhzYLuYwx2G5VQypDR1eFU%3D,535,402,21,33,0.59843403,0.5593533,0.0246085,0.045833334
103,None,prostate,https://irisprodseatraining.blob.core.windows.net:443/i-6dcb55bd18e2406ab6c2af2c261459e0/i-6090c8c74e604e5dbd70404a3abc202f?sv=2019-12-12&se=2021-05-08T08%3A03%3A37Z&sr=b&sp=r&sig=I9WmeVg9Hfhcvzbhvk%2BK738Tg%2B5DvRJiO7k9mjIi2lc%3D,533,402,27,47,0.59731543,0.5593533,0.03131991,0.06527778
104,None,prostate,https://irisprodseatraining.blob.core.windows.net:443/i-6dcb55bd18e2406ab6c2af2c261459e0/i-7491854d03c64780a8721caeadc09499?sv=2019-12-12&se=2021-05-08T08%3A03%3A37Z&sr=b&sp=r&sig=YX4aOKl3ztKoX2TaHtV2NryQWFOvpmA24hQnuklSEBw%3D,528,403,36,50,0.58928573,0.5599645,0.04129464,0.07073509
105,None,prostate,https://irisprodseatraining.blob.core.windows.net:443/i-6dcb55bd18e2406ab6c2af2c261459e0/i-cbcf62e9475e482fb8ed77f3d75f2ca9?sv=2019-12-12&se=2021-05-08T08%3A03%3A37Z&sr=b&sp=r&sig=XSCxmxTFXX5HqrQRgCPI7eCZnnb8T08iftNcYNSnxvw%3D,537,336,35,33,0.6017897,0.46768662,0.040268455,0.045833334
106,None,prostate,https://irisprodseatraining.blob.core.windows.net:443/i-6dcb55bd18e2406ab6c2af2c261459e0/i-cbcf62e9475e482fb8ed77f3d75f2ca9?sv=2019-12-12&se=2021-05-08T08%3A03%3A37Z&sr=b&sp=r&sig=XSCxmxTFXX5HqrQRgCPI7eCZnnb8T08iftNcYNSnxvw%3D,490,356,39,38,0.54809844,0.4954644,0.043624163,0.05277778
107,None,prostate,https://irisprodseatraining.blob.core.windows.net:443/i-6dcb55bd18e2406ab6c2af2c261459e0/i-79feaaa9b408494384ae2c0844cca5e0?sv=2019-12-12&se=2021-05-08T08%3A03%3A37Z&sr=b&sp=r&sig=TL3X0sX2v0ro5cRAFCk%2BaQZygFVqPAKIFibVP2nSnpc%3D,453,374,68,41,0.50782996,0.5204644,0.077181205,0.056944445
108,None,prostate,https://irisprodseatraining.blob.core.windows.net:443/i-6dcb55bd18e2406ab6c2af2c261459e0/i-79feaaa9b408494384ae2c0844cca5e0?sv=2019-12-12&se=2021-05-08T08%3A03%3A37Z&sr=b&sp=r&sig=TL3X0sX2v0ro5cRAFCk%2BaQZygFVqPAKIFibVP2nSnpc%3D,361,379,64,35,0.4049217,0.52740884,0.07158837,0.048611112
109,None,prostate,https://irisprodseatraining.blob.core.windows.net:443/i-6dcb55bd18e2406ab6c2af2c261459e0/i-c7cec0c051784b32aa278d7e7d48ee95?sv=2019-12-12&se=2021-05-08T08%3A03%3A37Z&sr=b&sp=r&sig=LbUJpBNx3LAyLInRFbpXTBsLFIrZy2JHtmnrOiwnMjg%3D,460,369,55,46,0.5145414,0.51351994,0.06263982,0.06388889
110,None,prostate,https://irisprodseatraining.blob.core.windows.net:443/i-6dcb55bd18e2406ab6c2af2c261459e0/i-c7cec0c051784b32aa278d7e7d48ee95?sv=2019-12-12&se=2021-05-08T08%3A03%3A37Z&sr=b&sp=r&sig=LbUJpBNx3LAyLInRFbpXTBsLFIrZy2JHtmnrOiwnMjg%3D,338,361,59,46,0.37919462,0.50240886,0.06599553,0.06388889
111,None,prostate,https://irisprodseatraining.blob.core.windows.net:443/i-6dcb55bd18e2406ab6c2af2c261459e0/i-cb26b6e351af4bc0956de7190abc80f1?sv=2019-12-12&se=2021-05-08T08%3A03%3A37Z&sr=b&sp=r&sig=b3Ed4I8eJqsMnTBahgpBIdO2so2itu4ad%2BXsxzXFw%2F4%3D,455,364,57,43,0.50894856,0.5065755,0.06375839,0.06111111
112,None,prostate,https://irisprodseatraining.blob.core.windows.net:443/i-6dcb55bd18e2406ab6c2af2c261459e0/i-cb26b6e351af4bc0956de7190abc80f1?sv=2019-12-12&se=2021-05-08T08%3A03%3A37Z&sr=b&sp=r&sig=b3Ed4I8eJqsMnTBahgpBIdO2so2itu4ad%2BXsxzXFw%2F4%3D,364,358,37,33,0.4082774,0.4982422,0.042505592,0.045833334
113,None,prostate,https://irisprodseatraining.blob.core.windows.net:443/i-6dcb55bd18e2406ab6c2af2c261459e0/i-d3e8b3abcb9c4240bc0f389d3b84e302?sv=2019-12-12&se=2021-05-08T08%3A03%3A37Z&sr=b&sp=r&sig=JOUDZlC5o5DqmvUR%2BzWEDEi6WSUsDc7toDGsmEqf4eI%3D,501,251,32,50,0.5604027,0.34963107,0.03691275,0.07083333
114,None,prostate,https://irisprodseatraining.blob.core.windows.net:443/i-6dcb55bd18e2406ab6c2af2c261459e0/i-fad936ec54ec4e3faa45752526f2dd95?sv=2019-12-12&se=2021-05-08T08%3A03%3A37Z&sr=b&sp=r&sig=GlJBblkTudEzJIWmO9XubgbMSDA%2BMSbPMzVtyS2dNVA%3D,477,230,37,29,0.5346756,0.3204644,0.041387025,0.04027778
115,None,prostate,https://irisprodseatraining.blob.core.windows.net:443/i-6dcb55bd18e2406ab6c2af2c261459e0/i-aa5ece213b2e42ada3929a9c40f7e21e?sv=2019-12-12&se=2021-05-08T08%3A03%3A37Z&sr=b&sp=r&sig=Ki1zMPL1s%2BswgdNJkN%2FH7lHZOs7Ayvdx0sHwQajOFgY%3D,383,382,43,48,0.42905027,0.5315755,0.04916201,0.068055555
116,None,prostate,https://irisprodseatraining.blob.core.windows.net:443/i-6dcb55bd18e2406ab6c2af2c261459e0/i-aa5ece213b2e42ada3929a9c40f7e21e?sv=2019-12-12&se=2021-05-08T08%3A03%3A37Z&sr=b&sp=r&sig=Ki1zMPL1s%2BswgdNJkN%2FH7lHZOs7Ayvdx0sHwQajOFgY%3D,499,295,19,33,0.5575419,0.4107422,0.022346368,0.045833334
117,None,prostate,https://irisprodseatraining.blob.core.windows.net:443/i-6dcb55bd18e2406ab6c2af2c261459e0/i-33e16df985964c16948cf2c6d5877898?sv=2019-12-12&se=2021-05-08T08%3A03%3A37Z&sr=b&sp=r&sig=q%2F5E7czKgnABWLNLKWjc05Ln%2FarCrjwbbyNVxdrUfEY%3D,501,433,37,34,0.5604027,0.6024088,0.042505592,0.047222223
118,None,prostate,https://irisprodseatraining.blob.core.windows.net:443/i-6dcb55bd18e2406ab6c2af2c261459e0/i-33e16df985964c16948cf2c6d5877898?sv=2019-12-12&se=2021-05-08T08%3A03%3A37Z&sr=b&sp=r&sig=q%2F5E7czKgnABWLNLKWjc05Ln%2FarCrjwbbyNVxdrUfEY%3D,505,384,39,31,0.5659955,0.5343533,0.043624163,0.043055557
119,None,prostate,https://irisprodseatraining.blob.core.windows.net:443/i-6dcb55bd18e2406ab6c2af2c261459e0/i-2b7d8b523043491cb66f73cb0d6b3422?sv=2019-12-12&se=2021-05-08T08%3A03%3A37Z&sr=b&sp=r&sig=LO7FfHaTUNMPj0Nr8v8PN5ntJAvAiLSev%2FuaY2IjanM%3D,485,421,60,40,0.54362416,0.5857422,0.06823266,0.055555556
120,None,prostate,https://irisprodseatraining.blob.core.windows.net:443/i-6dcb55bd18e2406ab6c2af2c261459e0/i-2b7d8b523043491cb66f73cb0d6b3422?sv=2019-12-12&se=2021-05-08T08%3A03%3A37Z&sr=b&sp=r&sig=LO7FfHaTUNMPj0Nr8v8PN5ntJAvAiLSev%2FuaY2IjanM%3D,501,382,29,26,0.5604027,0.5315755,0.033557046,0.036111113
121,None,prostate,https://irisprodseatraining.blob.core.windows.net:443/i-6dcb55bd18e2406ab6c2af2c261459e0/i-514e6437f5a1422ea1a0b5fdb5d56112?sv=2019-12-12&se=2021-05-08T08%3A03%3A37Z&sr=b&sp=r&sig=p1ONZI2q8I2z53CQJAYozvr1oaCT%2FexIpMPajEN3XVQ%3D,466,404,61,32,0.52237135,0.56213105,0.06935123,0.044444446
122,None,prostate,https://irisprodseatraining.blob.core.windows.net:443/i-6dcb55bd18e2406ab6c2af2c261459e0/i-514e6437f5a1422ea1a0b5fdb5d56112?sv=2019-12-12&se=2021-05-08T08%3A03%3A37Z&sr=b&sp=r&sig=p1ONZI2q8I2z53CQJAYozvr1oaCT%2FexIpMPajEN3XVQ%3D,493,355,27,48,0.5525727,0.4940755,0.03131991,0.068055555
123,None,prostate,https://irisprodseatraining.blob.core.windows.net:443/i-6dcb55bd18e2406ab6c2af2c261459e0/i-93d9c0ef6a354012b8325795e89b457a?sv=2019-12-12&se=2021-05-08T08%3A03%3A37Z&sr=b&sp=r&sig=UnaY7p13DHHIhgtoi8YkagXE9pcTfSUvX114gLSguto%3D,463,413,49,25,0.51785713,0.57383406,0.0546875,0.036061026
124,None,prostate,https://irisprodseatraining.blob.core.windows.net:443/i-6dcb55bd18e2406ab6c2af2c261459e0/i-17f5f96157264b85b39ddd10afd46e86?sv=2019-12-12&se=2021-05-08T08%3A03%3A37Z&sr=b&sp=r&sig=KI%2FjGIMceGajZkNVw%2BNoKcX2mWkor5MtBGwiEfs7TR8%3D,505,115,37,23,0.5659955,0.1607422,0.042505592,0.031944446
125,None,prostate,https://irisprodseatraining.blob.core.windows.net:443/i-6dcb55bd18e2406ab6c2af2c261459e0/i-17f5f96157264b85b39ddd10afd46e86?sv=2019-12-12&se=2021-05-08T08%3A03%3A37Z&sr=b&sp=r&sig=KI%2FjGIMceGajZkNVw%2BNoKcX2mWkor5MtBGwiEfs7TR8%3D,532,141,26,48,0.5950783,0.1968533,0.030201342,0.068055555
126,None,prostate,https://irisprodseatraining.blob.core.windows.net:443/i-6dcb55bd18e2406ab6c2af2c261459e0/i-fa5c69062a024eb68a94ce1ca1fe7761?sv=2019-12-12&se=2021-05-08T08%3A03%3A37Z&sr=b&sp=r&sig=XPeM7CWZmJnFtgtX2s2z2caYmEcqZ9mjpKDDHeP9Hmw%3D,336,310,42,55,0.37611607,0.43097693,0.046875,0.0776699
127,None,prostate,https://irisprodseatraining.blob.core.windows.net:443/i-6dcb55bd18e2406ab6c2af2c261459e0/i-7f07b52585b2462389f698aae44d4095?sv=2019-12-12&se=2021-05-08T08%3A03%3A37Z&sr=b&sp=r&sig=d4lnLhd28xz3UtuBbcGTGbhDUPPdp29QvuO0dNaJcyk%3D,337,314,46,36,0.37765363,0.43713108,0.05139665,0.05
128,None,prostate,https://irisprodseatraining.blob.core.windows.net:443/i-6dcb55bd18e2406ab6c2af2c261459e0/i-0d166c5027994ec79addbff17fdc09f7?sv=2019-12-12&se=2021-05-08T08%3A03%3A37Z&sr=b&sp=r&sig=adEavEPYS51ggAAKANvChIVwji4PHMD8%2BzKNyvRsq8w%3D,442,296,57,34,0.49004424,0.40760216,0.06415929,0.046703298
129,None,prostate,https://irisprodseatraining.blob.core.windows.net:443/i-6dcb55bd18e2406ab6c2af2c261459e0/i-c44748282e1143b0ac08c893bef3f859?sv=2019-12-12&se=2021-05-08T08%3A03%3A37Z&sr=b&sp=r&sig=YykyNmsCL6Bi7VxkK0RZYa2KEGy1qB8%2FadMXUj%2F%2FnnM%3D,424,288,75,37,0.47427294,0.40101996,0.085011184,0.05138889
130,None,prostate,https://irisprodseatraining.blob.core.windows.net:443/i-6dcb55bd18e2406ab6c2af2c261459e0/i-80aa415a088f49d08b3ecf95aef8c0cc?sv=2019-12-12&se=2021-05-08T08%3A03%3A37Z&sr=b&sp=r&sig=53SvbxQIDLWdck1byvMHzYeKbQ5wgMs6Cjj1BadxjLg%3D,427,290,71,35,0.4765625,0.4032377,0.08035714,0.04993065
131,None,prostate,https://irisprodseatraining.blob.core.windows.net:443/i-6dcb55bd18e2406ab6c2af2c261459e0/i-32b4c590a86142fa89d1e8edd9b35799?sv=2019-12-12&se=2021-05-08T08%3A03%3A37Z&sr=b&sp=r&sig=8sa7BTh8YulqKjAq2PRkcLqgMVR71%2Bt0GZypAb6w%2Fjs%3D,458,287,43,33,0.51116073,0.3990768,0.04910714,0.045769766
132,None,prostate,https://irisprodseatraining.blob.core.windows.net:443/i-6dcb55bd18e2406ab6c2af2c261459e0/i-847be97612524c3c8e31e261cc352b25?sv=2019-12-12&se=2021-05-08T08%3A03%3A37Z&sr=b&sp=r&sig=CC1tAa4x7GnH39b1NJYBt6XNV43NgWoWBXVNh9ugPBE%3D,408,292,41,33,0.4564732,0.4060116,0.04575893,0.047156725
133,None,prostate,https://irisprodseatraining.blob.core.windows.net:443/i-6dcb55bd18e2406ab6c2af2c261459e0/i-847be97612524c3c8e31e261cc352b25?sv=2019-12-12&se=2021-05-08T08%3A03%3A37Z&sr=b&sp=r&sig=CC1tAa4x7GnH39b1NJYBt6XNV43NgWoWBXVNh9ugPBE%3D,449,303,50,43,0.5011161,0.4212682,0.05691964,0.05963939
134,None,prostate,https://irisprodseatraining.blob.core.windows.net:443/i-6dcb55bd18e2406ab6c2af2c261459e0/i-76abb22e2a504164a5d06fb321bd0314?sv=2019-12-12&se=2021-05-08T08%3A03%3A37Z&sr=b&sp=r&sig=0JEmMvaVhW5ICVhbvgYcimnq2%2FvAfoeZ7JktH02pvoU%3D,460,304,30,42,0.5139665,0.42324218,0.033519555,0.059722222
135,None,prostate,https://irisprodseatraining.blob.core.windows.net:443/i-6dcb55bd18e2406ab6c2af2c261459e0/i-76abb22e2a504164a5d06fb321bd0314?sv=2019-12-12&se=2021-05-08T08%3A03%3A37Z&sr=b&sp=r&sig=0JEmMvaVhW5ICVhbvgYcimnq2%2FvAfoeZ7JktH02pvoU%3D,441,308,18,35,0.49273744,0.42879775,0.020111732,0.048611112
136,None,prostate,https://irisprodseatraining.blob.core.windows.net:443/i-6dcb55bd18e2406ab6c2af2c261459e0/i-70be05d6c4f847a28c4bdc8d76d2f96d?sv=2019-12-12&se=2021-05-08T08%3A03%3A37Z&sr=b&sp=r&sig=ugfJbuNaFyXevAwaxUGPP1cGXA%2FJdz0oP0fY7uIbqg4%3D,452,300,42,42,0.5067114,0.41768664,0.048098434,0.059722222
137,None,prostate,https://irisprodseatraining.blob.core.windows.net:443/i-6dcb55bd18e2406ab6c2af2c261459e0/i-d66959db29634161a888f28abb7991aa?sv=2019-12-12&se=2021-05-08T08%3A03%3A37Z&sr=b&sp=r&sig=X1w%2BvU1f41yRIT50CtkBdr7iRGb6yMXKU8Fi9WWTq9k%3D,327,218,25,52,0.3650893,0.3025026,0.029017856,0.073509015
138,None,prostate,https://irisprodseatraining.blob.core.windows.net:443/i-6dcb55bd18e2406ab6c2af2c261459e0/i-d66959db29634161a888f28abb7991aa?sv=2019-12-12&se=2021-05-08T08%3A03%3A37Z&sr=b&sp=r&sig=X1w%2BvU1f41yRIT50CtkBdr7iRGb6yMXKU8Fi9WWTq9k%3D,354,239,25,52,0.3950893,0.3325026,0.029017856,0.073509015
139,None,prostate,https://irisprodseatraining.blob.core.windows.net:443/i-6dcb55bd18e2406ab6c2af2c261459e0/i-d66959db29634161a888f28abb7991aa?sv=2019-12-12&se=2021-05-08T08%3A03%3A37Z&sr=b&sp=r&sig=X1w%2BvU1f41yRIT50CtkBdr7iRGb6yMXKU8Fi9WWTq9k%3D,349,236,42,44,0.3897768,0.3279811,0.04799107,0.061026353
140,None,prostate,https://irisprodseatraining.blob.core.windows.net:443/i-6dcb55bd18e2406ab6c2af2c261459e0/i-1ac72008cba54a00bd1aaec954fd1f35?sv=2019-12-12&se=2021-05-08T08%3A04%3A00Z&sr=b&sp=r&sig=zDfo3mBgoZeNCWGg%2BHle5ygIbBy0jxYysOcPsbcGR%2Bw%3D,508,343,58,54,0.56132597,0.4715149,0.06519337,0.075445816
141,None,prostate,https://irisprodseatraining.blob.core.windows.net:443/i-6dcb55bd18e2406ab6c2af2c261459e0/i-cb3c69f97cec4e43b173c19ca6797bb4?sv=2019-12-12&se=2021-05-08T08%3A04%3A00Z&sr=b&sp=r&sig=ps7NHsb%2FRqusA9Rd0hIM0kF9h2%2FibIH0%2FfcCmIMcauo%3D,460,319,22,40,0.5145414,0.44407552,0.025727069,0.055555556
142,None,prostate,https://irisprodseatraining.blob.core.windows.net:443/i-6dcb55bd18e2406ab6c2af2c261459e0/i-49747ce56d3e4a21b62f0b6758bb5444?sv=2019-12-12&se=2021-05-08T08%3A04%3A00Z&sr=b&sp=r&sig=EE1WKQDRj6VNyyAmRcbnAGY908WLAVKY5B7NbzEVPPg%3D,477,281,55,34,0.5346756,0.39129776,0.06263982,0.047222223
143,None,prostate,https://irisprodseatraining.blob.core.windows.net:443/i-6dcb55bd18e2406ab6c2af2c261459e0/i-bafb6984e3134639a19724e5ef80ecec?sv=2019-12-12&se=2021-05-08T08%3A04%3A00Z&sr=b&sp=r&sig=EIHZ2lWj0ugdzxZ0Mm9edGAXdOZLZs7cAWPtXDjRygs%3D,520,322,40,46,0.58277404,0.4482422,0.04474273,0.06388889
144,None,prostate,https://irisprodseatraining.blob.core.windows.net:443/i-6dcb55bd18e2406ab6c2af2c261459e0/i-5307a5babb574ef58a7b0263ccde8c2e?sv=2019-12-12&se=2021-05-08T08%3A04%3A00Z&sr=b&sp=r&sig=GcnaXzLnvjQin%2FQfaFEmjo8UxILLbWkONpwwstf%2FWKY%3D,379,286,62,37,0.424581,0.39824218,0.07039106,0.05138889
145,None,prostate,https://irisprodseatraining.blob.core.windows.net:443/i-6dcb55bd18e2406ab6c2af2c261459e0/i-019bed01cd274adbb58be9486d417bfb?sv=2019-12-12&se=2021-05-08T08%3A04%3A00Z&sr=b&sp=r&sig=0Bjh45NthV%2F9yk9sLpWqGIJxTLLRtVCh4w2ypv4nwr0%3D,488,338,42,56,0.54464287,0.4704644,0.04799107,0.07777778
146,None,prostate,https://irisprodseatraining.blob.core.windows.net:443/i-6dcb55bd18e2406ab6c2af2c261459e0/i-013e4d8201b444b59ed0af894e4a0c5f?sv=2019-12-12&se=2021-05-08T08%3A04%3A00Z&sr=b&sp=r&sig=Ny9wioX8TEyf%2BBvcwxvNcIzlngPaYbrAHzRxDLK7sXc%3D,485,338,38,48,0.54301673,0.4704644,0.042458102,0.068055555
147,None,prostate,https://irisprodseatraining.blob.core.windows.net:443/i-6dcb55bd18e2406ab6c2af2c261459e0/i-12d29fef86df4612976ad68203d795f1?sv=2019-12-12&se=2021-05-08T08%3A04%3A00Z&sr=b&sp=r&sig=bDe%2FqnQg7%2FPxY3jdWMtUdAYIzhg8Jk0tGToUXQ3MiUU%3D,447,289,42,58,0.5,0.40240887,0.046979867,0.08055556
148,None,prostate,https://irisprodseatraining.blob.core.windows.net:443/i-6dcb55bd18e2406ab6c2af2c261459e0/i-019308f162194b14861d4ba333b11326?sv=2019-12-12&se=2021-05-08T08%3A04%3A00Z&sr=b&sp=r&sig=wuA7bUtoRVmD44tXqXgWaTcFu33HrwzRI6cEcSA6rnM%3D,470,267,42,50,0.52684563,0.3718533,0.046979867,0.07083333
149,None,prostate,https://irisprodseatraining.blob.core.windows.net:443/i-6dcb55bd18e2406ab6c2af2c261459e0/i-0d69707f06ae4a1d88c119dd9d43f534?sv=2019-12-12&se=2021-05-08T08%3A04%3A00Z&sr=b&sp=r&sig=Nl4UZBatCb%2FUN2ms1PIswgasHHb4WTADIXPbQQr0jYg%3D,456,271,43,42,0.5106145,0.37740886,0.04916201,0.059722222
150,None,prostate,https://irisprodseatraining.blob.core.windows.net:443/i-6dcb55bd18e2406ab6c2af2c261459e0/i-2d7dba2723214b15843a8d94ff04161d?sv=2019-12-12&se=2021-05-08T08%3A04%3A00Z&sr=b&sp=r&sig=i4E7oRNYtp%2FQDv%2B84gfE%2BqGE0aEzIu6E1L655MLJln0%3D,432,339,50,43,0.48218262,0.4698954,0.055679288,0.060857538
151,None,prostate,https://irisprodseatraining.blob.core.windows.net:443/i-6dcb55bd18e2406ab6c2af2c261459e0/i-2d7dba2723214b15843a8d94ff04161d?sv=2019-12-12&se=2021-05-08T08%3A04%3A00Z&sr=b&sp=r&sig=i4E7oRNYtp%2FQDv%2B84gfE%2BqGE0aEzIu6E1L655MLJln0%3D,447,261,75,73,0.4988864,0.36201158,0.084632516,0.10096819
152,None,prostate,https://irisprodseatraining.blob.core.windows.net:443/i-6dcb55bd18e2406ab6c2af2c261459e0/i-34a27baa834e4229a5c4c9bef5ad4891?sv=2019-12-12&se=2021-05-08T08%3A04%3A00Z&sr=b&sp=r&sig=Tkn9ahYMSUUEmm3RY6%2FMIFRxlZEfSSGlueW5PdaaKL8%3D,433,324,59,72,0.4854586,0.45101997,0.06711409,0.1
153,None,prostate,https://irisprodseatraining.blob.core.windows.net:443/i-6dcb55bd18e2406ab6c2af2c261459e0/i-34a27baa834e4229a5c4c9bef5ad4891?sv=2019-12-12&se=2021-05-08T08%3A04%3A00Z&sr=b&sp=r&sig=Tkn9ahYMSUUEmm3RY6%2FMIFRxlZEfSSGlueW5PdaaKL8%3D,455,261,50,62,0.5100671,0.36351997,0.055928413,0.0875
154,None,prostate,https://irisprodseatraining.blob.core.windows.net:443/i-6dcb55bd18e2406ab6c2af2c261459e0/i-acfa1bea1ef3401dae6ea8de8ee8c89f?sv=2019-12-12&se=2021-05-08T08%3A04%3A00Z&sr=b&sp=r&sig=FPU1Mdjt%2F30Uo43vwDHuMYtS%2FuJGd4fevWeGvhsaVew%3D,451,321,55,66,0.5055928,0.4468533,0.061521254,0.093055554
155,None,prostate,https://irisprodseatraining.blob.core.windows.net:443/i-6dcb55bd18e2406ab6c2af2c261459e0/i-acfa1bea1ef3401dae6ea8de8ee8c89f?sv=2019-12-12&se=2021-05-08T08%3A04%3A00Z&sr=b&sp=r&sig=FPU1Mdjt%2F30Uo43vwDHuMYtS%2FuJGd4fevWeGvhsaVew%3D,460,248,34,74,0.5145414,0.3454644,0.039149888,0.10277778
156,None,prostate,https://irisprodseatraining.blob.core.windows.net:443/i-6dcb55bd18e2406ab6c2af2c261459e0/i-ca53e84ab6c54f13b50230e62e8fb554?sv=2019-12-12&se=2021-05-08T08%3A04%3A00Z&sr=b&sp=r&sig=77Gc7PNac7useFFjSkN3fnw6Y862Y7XZBGeYr0%2BLdJU%3D,440,270,77,95,0.49328858,0.37601995,0.086129755,0.13194445
157,None,prostate,https://irisprodseatraining.blob.core.windows.net:443/i-6dcb55bd18e2406ab6c2af2c261459e0/i-ca53e84ab6c54f13b50230e62e8fb554?sv=2019-12-12&se=2021-05-08T08%3A04%3A00Z&sr=b&sp=r&sig=77Gc7PNac7useFFjSkN3fnw6Y862Y7XZBGeYr0%2BLdJU%3D,403,220,71,29,0.45190156,0.3065755,0.08053691,0.04027778
158,None,prostate,https://irisprodseatraining.blob.core.windows.net:443/i-6dcb55bd18e2406ab6c2af2c261459e0/i-600ad5d735dd48e6974f6bc8174edcbf?sv=2019-12-12&se=2021-05-08T08%3A04%3A00Z&sr=b&sp=r&sig=p4M5cRkObGW6VumH%2Fm%2BJ4g8D8u1BmhigwtUaCBE%2BJ4s%3D,455,312,51,43,0.5100671,0.4343533,0.058165547,0.06111111
159,None,prostate,https://irisprodseatraining.blob.core.windows.net:443/i-6dcb55bd18e2406ab6c2af2c261459e0/i-600ad5d735dd48e6974f6bc8174edcbf?sv=2019-12-12&se=2021-05-08T08%3A04%3A00Z&sr=b&sp=r&sig=p4M5cRkObGW6VumH%2Fm%2BJ4g8D8u1BmhigwtUaCBE%2BJ4s%3D,408,228,68,40,0.45637584,0.31768662,0.077181205,0.055555556
160,None,prostate,https://irisprodseatraining.blob.core.windows.net:443/i-6dcb55bd18e2406ab6c2af2c261459e0/i-a481913169434a40a23726aab0087f0d?sv=2019-12-12&se=2021-05-08T08%3A04%3A00Z&sr=b&sp=r&sig=wqRBg5qCPy8M4BVfkC21nG0S7uAOQ8c1TraEEAXUBWk%3D,415,230,44,42,0.46420583,0.3204644,0.05033557,0.058333334
161,None,prostate,https://irisprodseatraining.blob.core.windows.net:443/i-6dcb55bd18e2406ab6c2af2c261459e0/i-a481913169434a40a23726aab0087f0d?sv=2019-12-12&se=2021-05-08T08%3A04%3A00Z&sr=b&sp=r&sig=wqRBg5qCPy8M4BVfkC21nG0S7uAOQ8c1TraEEAXUBWk%3D,433,286,89,82,0.4854586,0.39824218,0.10067114,0.11388889
162,None,prostate,https://irisprodseatraining.blob.core.windows.net:443/i-6dcb55bd18e2406ab6c2af2c261459e0/i-745e759152f14fd2b2637d3bff08d80b?sv=2019-12-12&se=2021-05-08T08%3A04%3A00Z&sr=b&sp=r&sig=fRiNKPAXIurIttingedDAE91bQnFozAxcKQLhXdb6u0%3D,436,269,24,23,0.48769575,0.37463108,0.026845638,0.031944446
163,None,prostate,https://irisprodseatraining.blob.core.windows.net:443/i-6dcb55bd18e2406ab6c2af2c261459e0/i-745e759152f14fd2b2637d3bff08d80b?sv=2019-12-12&se=2021-05-08T08%3A04%3A00Z&sr=b&sp=r&sig=fRiNKPAXIurIttingedDAE91bQnFozAxcKQLhXdb6u0%3D,427,385,26,20,0.4787472,0.53574216,0.030201342,0.027777778
164,None,prostate,https://irisprodseatraining.blob.core.windows.net:443/i-6dcb55bd18e2406ab6c2af2c261459e0/i-745e759152f14fd2b2637d3bff08d80b?sv=2019-12-12&se=2021-05-08T08%3A04%3A00Z&sr=b&sp=r&sig=fRiNKPAXIurIttingedDAE91bQnFozAxcKQLhXdb6u0%3D,439,324,21,22,0.49105147,0.45101997,0.0246085,0.030555556
165,None,prostate,https://irisprodseatraining.blob.core.windows.net:443/i-6dcb55bd18e2406ab6c2af2c261459e0/i-e796fbacf09143eea5eb10c294e4ce15?sv=2019-12-12&se=2021-05-08T08%3A04%3A00Z&sr=b&sp=r&sig=jVPMyTh9Xds0cXthifYIhyK9r6N4FicZtdaXWVR7eqw%3D,485,268,32,33,0.5425056,0.3732422,0.03691275,0.045833334
166,None,prostate,https://irisprodseatraining.blob.core.windows.net:443/i-6dcb55bd18e2406ab6c2af2c261459e0/i-cffa7e0985844348b4af0a9fdbde2490?sv=2019-12-12&se=2021-05-08T08%3A04%3A00Z&sr=b&sp=r&sig=I3CJ5a4cggH5huU2x9ke1CrCJ%2Bg0zQf5fC1hAAQhCZ4%3D,477,278,29,41,0.5323661,0.38659415,0.03348214,0.056865465
167,None,prostate,https://irisprodseatraining.blob.core.windows.net:443/i-6dcb55bd18e2406ab6c2af2c261459e0/i-6ee8e12d84894026a57a039856a8bcee?sv=2019-12-12&se=2021-05-08T08%3A04%3A00Z&sr=b&sp=r&sig=zvKuTaRvdhemRTgEzD2gnffiphDa2i1gBS6iJHCOf1Q%3D,345,365,48,30,0.3870246,0.50796443,0.054809842,0.041666668
168,None,prostate,https://irisprodseatraining.blob.core.windows.net:443/i-6dcb55bd18e2406ab6c2af2c261459e0/i-8f47f7157e6144ec8998cb9e83b771a1?sv=2019-12-12&se=2021-05-08T08%3A04%3A00Z&sr=b&sp=r&sig=urGmYU38J7FSAoznFY4IHFMR8scNpuKVg2espdD3l%2Bs%3D,381,380,58,28,0.42681563,0.52879775,0.06480447,0.03888889
169,None,prostate,https://irisprodseatraining.blob.core.windows.net:443/i-6dcb55bd18e2406ab6c2af2c261459e0/i-1e73af9e26bd4ca0a0c7724e0f50396b?sv=2019-12-12&se=2021-05-08T08%3A04%3A00Z&sr=b&sp=r&sig=ptqzMEV3Ha7zP3dXxc8oLJRWqZbat0UYiIQyBFdCOLM%3D,367,349,56,42,0.41005588,0.48574218,0.062569834,0.059722222
170,None,prostate,https://irisprodseatraining.blob.core.windows.net:443/i-6dcb55bd18e2406ab6c2af2c261459e0/i-26c7c6f15adb415a805e0875bcd8f947?sv=2019-12-12&se=2021-05-08T08%3A04%3A00Z&sr=b&sp=r&sig=8X92X7u1DFt%2FOTw1ST51CGcDPmiam67Bqs2WW9Gej%2B4%3D,396,356,56,29,0.43722466,0.48867723,0.06167401,0.04109589
171,None,prostate,https://irisprodseatraining.blob.core.windows.net:443/i-6dcb55bd18e2406ab6c2af2c261459e0/i-78e35850a14049dab646cab21e1d8051?sv=2019-12-12&se=2021-05-08T08%3A04%3A00Z&sr=b&sp=r&sig=GR0rcEJ9agMGIbHCS7%2Bq3w3l1w6TrcH%2BWG5zEoPZWQA%3D,371,358,71,40,0.41452515,0.4982422,0.07932961,0.055555556
172,None,prostate,https://irisprodseatraining.blob.core.windows.net:443/i-6dcb55bd18e2406ab6c2af2c261459e0/i-86e4e04384e041a49fa78f7dbe1b5554?sv=2019-12-12&se=2021-05-08T08%3A04%3A00Z&sr=b&sp=r&sig=D0x65%2FIx4gC5%2BANjb785qUICT1AZkpca87HQH9OufXc%3D,491,323,72,79,0.54860336,0.44963107,0.08044693,0.11111111
173,None,prostate,https://irisprodseatraining.blob.core.windows.net:443/i-6dcb55bd18e2406ab6c2af2c261459e0/i-504a818e3a10405f9a757776b3a71a69?sv=2019-12-12&se=2021-05-08T08%3A04%3A00Z&sr=b&sp=r&sig=Wn16LZEfsUL1P5RArhLPJCBLmCopin5O7W9h6brflaQ%3D,490,376,58,43,0.54809844,0.5232422,0.06487696,0.06111111
174,None,prostate,https://irisprodseatraining.blob.core.windows.net:443/i-6dcb55bd18e2406ab6c2af2c261459e0/i-26113c45eeb14856ab884b1b4ab613bb?sv=2019-12-12&se=2021-05-08T08%3A04%3A00Z&sr=b&sp=r&sig=ZXbznxLcNuJ58kSaZjUgQlalA4tzc7pg%2BeAUWqGVFY8%3D,357,329,48,47,0.3988827,0.45796442,0.054748602,0.06527778
175,None,prostate,https://irisprodseatraining.blob.core.windows.net:443/i-6dcb55bd18e2406ab6c2af2c261459e0/i-26113c45eeb14856ab884b1b4ab613bb?sv=2019-12-12&se=2021-05-08T08%3A04%3A00Z&sr=b&sp=r&sig=ZXbznxLcNuJ58kSaZjUgQlalA4tzc7pg%2BeAUWqGVFY8%3D,448,393,69,46,0.50167596,0.5468533,0.07821229,0.06388889
176,None,prostate,https://irisprodseatraining.blob.core.windows.net:443/i-6dcb55bd18e2406ab6c2af2c261459e0/i-618a12771f334cc3867aee436e735a68?sv=2019-12-12&se=2021-05-08T08%3A04%3A00Z&sr=b&sp=r&sig=JrUd8j2%2FLqDeehDaBWs6EEGJ3dPKQmvxSX0E8SF2aSc%3D,478,298,41,24,0.5351955,0.41490886,0.046927374,0.033333335
177,None,prostate,https://irisprodseatraining.blob.core.windows.net:443/i-6dcb55bd18e2406ab6c2af2c261459e0/i-618a12771f334cc3867aee436e735a68?sv=2019-12-12&se=2021-05-08T08%3A04%3A00Z&sr=b&sp=r&sig=JrUd8j2%2FLqDeehDaBWs6EEGJ3dPKQmvxSX0E8SF2aSc%3D,448,404,73,41,0.50167596,0.56213105,0.08156425,0.056944445
178,None,prostate,https://irisprodseatraining.blob.core.windows.net:443/i-6dcb55bd18e2406ab6c2af2c261459e0/i-618a12771f334cc3867aee436e735a68?sv=2019-12-12&se=2021-05-08T08%3A04%3A00Z&sr=b&sp=r&sig=JrUd8j2%2FLqDeehDaBWs6EEGJ3dPKQmvxSX0E8SF2aSc%3D,366,299,43,68,0.40893856,0.41629773,0.048044693,0.094444446
179,None,prostate,https://irisprodseatraining.blob.core.windows.net:443/i-6dcb55bd18e2406ab6c2af2c261459e0/i-618a12771f334cc3867aee436e735a68?sv=2019-12-12&se=2021-05-08T08%3A04%3A00Z&sr=b&sp=r&sig=JrUd8j2%2FLqDeehDaBWs6EEGJ3dPKQmvxSX0E8SF2aSc%3D,476,357,62,28,0.5318436,0.4968533,0.07039106,0.03888889
180,None,prostate,https://irisprodseatraining.blob.core.windows.net:443/i-6dcb55bd18e2406ab6c2af2c261459e0/i-61251cced5534210ba04ce0d3654f1be?sv=2019-12-12&se=2021-05-08T08%3A04%3A00Z&sr=b&sp=r&sig=n%2BQmULHawNg8pDwaS1KFwUieY6QxnoZZLzeMSacGRxI%3D,418,392,92,41,0.46651787,0.5454644,0.102678575,0.056944445
181,None,prostate,https://irisprodseatraining.blob.core.windows.net:443/i-6dcb55bd18e2406ab6c2af2c261459e0/i-6fc8226c637844838d651e04971182f7?sv=2019-12-12&se=2021-05-08T08%3A04%3A00Z&sr=b&sp=r&sig=JXsRtbsqnkf2SqQiF9OgzxAiqgtmidP5Lo5enfoJDgs%3D,417,400,81,32,0.4675615,0.55657554,0.09172259,0.044444446
182,None,prostate,https://irisprodseatraining.blob.core.windows.net:443/i-6dcb55bd18e2406ab6c2af2c261459e0/i-58c121edd7a74714920356a79eac8e19?sv=2019-12-12&se=2021-05-08T08%3A04%3A00Z&sr=b&sp=r&sig=71GbWQpMN5Z6WuV9WuA4RHw%2Fc4gsa88lATCqh0t9vVM%3D,436,389,51,37,0.4877232,0.54054695,0.058035713,0.052704576
183,None,prostate,https://irisprodseatraining.blob.core.windows.net:443/i-6dcb55bd18e2406ab6c2af2c261459e0/i-54e8f0c16fd944f5b366c0f34fc5b636?sv=2019-12-12&se=2021-05-08T08%3A04%3A00Z&sr=b&sp=r&sig=QTXIFkk%2BWgIyvQtJiAqmeCU0nfUGLoe%2BQZa3NVeNOFU%3D,436,382,42,42,0.48769575,0.5315755,0.046979867,0.059722222
184,None,prostate,https://irisprodseatraining.blob.core.windows.net:443/i-6dcb55bd18e2406ab6c2af2c261459e0/i-54e8f0c16fd944f5b366c0f34fc5b636?sv=2019-12-12&se=2021-05-08T08%3A04%3A00Z&sr=b&sp=r&sig=QTXIFkk%2BWgIyvQtJiAqmeCU0nfUGLoe%2BQZa3NVeNOFU%3D,415,264,24,46,0.46532437,0.36768663,0.026845638,0.06388889
185,None,prostate,https://irisprodseatraining.blob.core.windows.net:443/i-6dcb55bd18e2406ab6c2af2c261459e0/i-d19052b731b24d5da28aa701bb3d3769?sv=2019-12-12&se=2021-05-08T08%3A04%3A00Z&sr=b&sp=r&sig=E5mqGt39hvNvm3Qbepb1b07UwLhLQn3INjx0kZWJ%2B0o%3D,424,274,30,46,0.47374302,0.38157552,0.03463687,0.06388889
186,None,prostate,https://irisprodseatraining.blob.core.windows.net:443/i-6dcb55bd18e2406ab6c2af2c261459e0/i-fe373daff57a4e8cb6c7628612567788?sv=2019-12-12&se=2021-05-08T08%3A04%3A01Z&sr=b&sp=r&sig=Aayd2fohHifMP7JZSXsrRwCKNSKmJmKkv3p1kUi7fBM%3D,397,290,59,40,0.4440716,0.40379775,0.06599553,0.055555556
187,None,prostate,https://irisprodseatraining.blob.core.windows.net:443/i-6dcb55bd18e2406ab6c2af2c261459e0/i-ede55b6d9feb437fabfbe9158edcc732?sv=2019-12-12&se=2021-05-08T08%3A04%3A01Z&sr=b&sp=r&sig=GTfAfOrWzizGmmM5s3ju2CwhHt5JP%2F9IYOHG1Q5lTQc%3D,352,360,50,32,0.3944134,0.50101995,0.05698324,0.044444446
188,None,prostate,https://irisprodseatraining.blob.core.windows.net:443/i-6dcb55bd18e2406ab6c2af2c261459e0/i-c35247e66884444e990db91c2a224ff8?sv=2019-12-12&se=2021-05-08T08%3A04%3A01Z&sr=b&sp=r&sig=FRRkgVy4F4chmQ27hYFrWHF17A%2Bxvs8OC44IXza7v84%3D,440,315,48,45,0.49162012,0.43851998,0.0547486,0.0625
189,None,prostate,https://irisprodseatraining.blob.core.windows.net:443/i-6dcb55bd18e2406ab6c2af2c261459e0/i-91ee92d294b5417fa819f58849a1dbd6?sv=2019-12-12&se=2021-05-08T08%3A04%3A01Z&sr=b&sp=r&sig=mPtfjayyWWBKmuXFulRE8SUaPKOa8cPafA7S6vMZabg%3D,383,359,45,20,0.4539007,0.49618533,0.05319149,0.027586207
190,None,prostate,https://irisprodseatraining.blob.core.windows.net:443/i-6dcb55bd18e2406ab6c2af2c261459e0/i-d2f40269a8824d4eb0530583dc843495?sv=2019-12-12&se=2021-05-08T08%3A04%3A01Z&sr=b&sp=r&sig=UWFo8nmnZ3hiVA2IAyIPOnQc%2F6EE4KuV9x5cKYlef5M%3D,459,273,75,77,0.5131178,0.38030902,0.084501244,0.10785348
